web-scraper-order,web-scraper-start-url,rooms_area_price_raw,price_raw,address_raw,description_raw,title_raw,area_raw,rooms_raw
"1726673548-1","https://www.immoscout24.ch/de/immobilien/mieten/ort-winterthur?pn=5","4.5 Zimmer","CHF 2’643.–","Espenstrasse 88, 8408 Winterthur","","helle, sonnige 4.5-Zimmerwohnung","105m²","4.5 Zimmer"
"1726673548-2","https://www.immoscout24.ch/de/immobilien/mieten/ort-winterthur?pn=5","3.5 Zimmer","CHF 2’185.–","Hohfurristrasse 91, 8408 Winterthur","","3.5-Zimmerwohnung in Winterthur zu vermieten","79m²","3.5 Zimmer"
"1726673548-3","https://www.immoscout24.ch/de/immobilien/mieten/ort-winterthur?pn=5","2.5 Zimmer","CHF 2’010.–","Schlosshofstrasse 21, 8400 Winterthur","","Werk 3 - rundum attrakiv leben im 4. Obergeschoss","70m²","2.5 Zimmer"
"1726673548-4","https://www.immoscout24.ch/de/immobilien/mieten/ort-winterthur?pn=5","1 Zimmer","CHF 1’365.–","Wartstr. 26, 8400 Winterthur","Suchen Sie eine Wohnung an zentraler Lage, dann wäre dies die perfekte Wohnung für Sie.- Parkettboden im Wohnbereich- Küchenzeile mit Glaskeramik- Dusche/WC- Wandschrank im Korridor- Kein BalkonDen Hauptbahnhof erreichen Sie zu Fuss in nur 2 Gehminuten. Ausserdem gibt es diverse Einkaufsmöglichkeiten in unmittelbarer Gehdistanz und die Altstadt ist auch nicht weit entfernt. Schauen Sie rein, vereinbaren Sie noch heute einen Besichtigungstermin und lassen Sie sich selbst von der Wohnung überzeugen.(Die Bilder zeigen den Standard.)","Wohnung im Herzen von Winterthur","31m²","1 Zimmer"
"1726673548-5","https://www.immoscout24.ch/de/immobilien/mieten/ort-winterthur?pn=5","2.5 Zimmer","CHF 2’500.–","Blumenaustrasse 20, 8400 Winterthur","","Moderne Attikawohnung im grünen Stadtquartier","66m²","2.5 Zimmer"
"1726673548-6","https://www.immoscout24.ch/de/immobilien/mieten/ort-winterthur?pn=5","1 Zimmer","CHF 1’205.–","Feldstr. 49, 8400 Winterthur","Suchen Sie eine Wohnung an zentraler Lage, dann wäre dies die perfekte Wohnung für Sie.Suchen Sie eine Wohnung in zentraler Lage, dann wäre dies die perfekte Wohnung für Sie.- Parkett im Wohn-/Schlafzimmer - Linoleum im Korridor- Keramische Platten in Bad und Küche- Küche mit Glaskeramikherd, Backofen und Geschirrspüler - Bad/WC mit Waschbeckenunterschrank- Balkon- Eigenes Keller- und Estrichabteil- Lift vorhandenDen Hauptbahnhof erreichen Sie zu Fuss in nur 7 Gehminuten. Ausserdem gibt es diverse Einkaufsmöglichkeiten in unmittelbarer Gehdistanz und die Altstadt ist auch nicht weit entfernt. Schauen Sie an einem Besichtigungstermin rein und lassen Sie sich selbst von der Wohnung überzeugen.(Die Bilder zeigen den Standard der Liegenschaft und entsprechen nicht immer der angebotenen Wohnung.)","Zentrumsnahes Wohnen «Mieten ohne Kaution»","36m²","1 Zimmer"
"1726673548-7","https://www.immoscout24.ch/de/immobilien/mieten/ort-winterthur?pn=5","3.5 Zimmer","CHF 2’490.–","Brühlbergstrasse 11, 8400 Winterthur","Das Projekt Am Brühlberg umfasst 14 Mietwohnungen an zentraler Lage in einem kernsanierten Mehrfamilienhaus an der Brühlbergstrasse 11 in 8400 Winterthur. Infos zur Bewerbung und detailierte Informationen zum Projekt finden Sie auf der Website: https://am-bruehlberg.ch/ Das Ziel der Kernsanierung war es, ein individuelles und einladendes Ambiente zu schaffen, das dem Lebensstil der Bewohner von Winterthur entspricht. Daher wurde bei der Renovierung besonders darauf geachtet, dass alle Wohnungen ein moderner Ausbaustandard erhalten. Die hellen Wohnungen sind in verschiedenen Grössen von 1.5 bis 3.5 Zimmer erhältlich, um den unterschiedlichen Bedürfnissen der Mieter gerecht zu werden. Ein Highlight sind die zwei Attika-Wohnungen mit 38m2 Dachterrasse und die 3.5 Zimmer-Wohnung mit Sitzplatz und Grünfläche im Erdgeschoss. Jede Wohnung verfügt über einen hochwertigen Parkettboden und einen geräumigen Balkon, oder eine grosszügige Dachterrasse. Die zeitlosen Küchen fügen sich elegant in den Wohnbereich ein und bieten Küchengeräte der neusten Generation an. Ein moderner Aufzug erleichtert den Bewohnern den Zugang zu ihren Wohnungen. Darüber hinaus stehen insgesamt 5 Garagenboxen und 2 Aussenparkplätzen zur Verfügung, um den Bedarf an Parkraum zu decken. Die Wohnungen bieten Ihnen die perfekte Gelegenheit, zentrumsnah am Fusse des Brühlbergs zu leben. Bezug per 1. Februar 2025Brühlbergstrasse 11, 8400 Winterthur","Frisch sanierte Wohnung mit grossem Garten","81m²","3.5 Zimmer"
"1726673548-8","https://www.immoscout24.ch/de/immobilien/mieten/ort-winterthur?pn=5","3 Zimmer","CHF 1’735.–","Mooswiesenweg 17, 8404 Winterthur","Diese charmante Wohnung verfügt über folgende Highlights: - moderne Küche mit Glaskeramik und Plattenboden - Entrée mit Garderobe und Wandschrank - grosszügiger und sonniger Balkon mit Wind-/ Sichtschutz - separates Keller- und Estrichabteil - Plattenboden im Entrée, Badezimmer und Küche. - Parkettböden im Wohnzimmer und SchlafzimmernIn nächster Nähe befinden sich ein ÖV-Anschluss, diverse Schulen, ein Schwimmbad in Oberwinterthur und viele Einkaufsmöglichkeiten.Sind Sie interessiert? Dann vereinbaren Sie noch heute ein Besichtigungstermin.Die Bilder entsprechen dem Standard, kleine Abweichungen sind möglich.","Attraktives Zuhause mit Stadt- und Schwimmbadnähe","65m²","3 Zimmer"
"1726673548-9","https://www.immoscout24.ch/de/immobilien/mieten/ort-winterthur?pn=5","1 Zimmer","CHF 1’370.–","Gutstrasse 13, 8400 Winterthur","Die Wohnung befindet sich an einer ruhigen Nebenstrasse und ist trotzdem stadtnah, in der Nähe von diversen Einkaufsmöglichkeiten und öffentlichen Verkehrsmittel gelegen.Zu bieten hat die Wohnung ausserdem folgendes: - Helle und lichtdurchflutete Räumlichkeiten - Schöne Küche mit Glaskeramikherd - Wohnzimmer mit Parkettboden - Dunkler Plattenboden in Küche und Bad - Genügend Stauraum dank Einbauschrank und eigenem Kellerabteil (Die Fotos entsprechen dem Standard - kleine Abweichungen sind möglich.)Haben wir Ihr Interesse geweckt? Dann melden Sie sich noch heute für einen Besichtigungstermin!(Die Fotos entsprechen dem Standard - kleine Abweichungen sind möglich.)Weitere interessante Angebote finden Sie auch unter www.verit.ch.","Wohnung mit Charme und Stadtnähe!","30m²","1 Zimmer"
"1726673548-10","https://www.immoscout24.ch/de/immobilien/mieten/ort-winterthur?pn=5","1 Zimmer","CHF 1’330.–","Wartstr. 26, 8400 Winterthur","Suchen Sie eine Wohnung in zentraler Lage, dann wäre dies die perfekte Wohnung für Sie.- Parkettboden- Küchenzeile mit Glaskeramik- Dusche/WC- Wandschrank im Korridor- Kein BalkonDen Hauptbahnhof erreichen Sie zu Fuss in nur 2 Gehminuten. Ausserdem gibt es diverse Einkaufsmöglichkeiten in unmittelbarer Gehdistanz und die Altstadt ist auch nicht weit entfernt. Schauen Sie rein, vereinbaren Sie noch heute einen Besichtigungstermin und lassen Sie sich selbst von der Wohnung überzeugen.(Die Bilder zeigen den Standard.)","Zentrales Wohnen direkt beim Bahnhof «Mieten ohne Kaution»","29m²","1 Zimmer"
"1726673548-11","https://www.immoscout24.ch/de/immobilien/mieten/ort-winterthur?pn=5","2.5 Zimmer","CHF 2’190.–","Ulrich Hegnerstrasse 1, 8400 Winterthur","Das Projekt Vantage3 umfasst 10 Mietwohnungen an zentraler Lage in einem kernsanierten Mehrfamilienhaus an der Ulrich-Hegner-Strasse 1 in 8400 Winterthur. Infos zur Bewerbung und detailierte Informationen zum Projekt finden Sie auf der Website: www.vantage3.ch. Die Renovierung dieses Gebäudes zielte darauf ab, ein einladendes und modernes Ambiente zu schaffen, dass dem Lebensstil der Winterthurer Bewohner entspricht. Bei der Modernisierung lag besonderes Augenmerk darauf, jeder Wohnung einen zeitgemässen Ausbaustandard zu verleihen. Die individuellen Wohnräume sind flexibel gestaltet und reichen von 1.5 bis 4.5 Zimmern, um den vielfältigen Bedürfnissen der Mieter gerecht zu werden. Jede Einheit besticht durch hochwertigen Parkettboden und eine elegante Materialisierung in den Badezimmern. Die stilvollen Küchen integrieren sich nahtlos in den Wohnbereich und sind mit modernsten Geräten ausgestattet. Diese Wohnungen bieten eine herausragende Gelegenheit, zentral und in einem historischen Haus nahe des Stadtzentrums zu wohnen. Bezug per 1. März 2025Ulrich-Hegner-Strasse 1, 8400 Winterthur","Frisch sanierte 2.5-Zimmerwohnung","68m²","2.5 Zimmer"
"1726673548-12","https://www.immoscout24.ch/de/immobilien/mieten/ort-winterthur?pn=5","2.5 Zimmer","CHF 2’190.–","Ulrich Hegnerstrasse 1, 8400 Winterthur","Das Projekt Vantage3 umfasst 10 Mietwohnungen an zentraler Lage in einem kernsanierten Mehrfamilienhaus an der Ulrich-Hegner-Strasse 1 in 8400 Winterthur. Infos zur Bewerbung und detailierte Informationen zum Projekt finden Sie auf der Website: www.vantage3.ch. Die Renovierung dieses Gebäudes zielte darauf ab, ein einladendes und modernes Ambiente zu schaffen, dass dem Lebensstil der Winterthurer Bewohner entspricht. Bei der Modernisierung lag besonderes Augenmerk darauf, jeder Wohnung einen zeitgemässen Ausbaustandard zu verleihen. Die individuellen Wohnräume sind flexibel gestaltet und reichen von 1.5 bis 4.5 Zimmern, um den vielfältigen Bedürfnissen der Mieter gerecht zu werden. Jede Einheit besticht durch hochwertigen Parkettboden und eine elegante Materialisierung in den Badezimmern. Die stilvollen Küchen integrieren sich nahtlos in den Wohnbereich und sind mit modernsten Geräten ausgestattet. Diese Wohnungen bieten eine herausragende Gelegenheit, zentral und in einem historischen Haus nahe des Stadtzentrums zu wohnen. Bezug per 1. März 2025Ulrich-Hegner-Strasse 1, 8400 Winterthur","Frisch sanierte 2.5-Zimmerwohnung","68m²","2.5 Zimmer"
"1726673548-13","https://www.immoscout24.ch/de/immobilien/mieten/ort-winterthur?pn=5","4.5 Zimmer","CHF 2’580.–","Ulrich Hegnerstrasse 1, 8400 Winterthur","Das Projekt Vantage3 umfasst 10 Mietwohnungen an zentraler Lage in einem kernsanierten Mehrfamilienhaus an der Ulrich-Hegner-Strasse 1 in 8400 Winterthur. Infos zur Bewerbung und detailierte Informationen zum Projekt finden Sie auf der Website: www.vantage3.ch. Die Renovierung dieses Gebäudes zielte darauf ab, ein einladendes und modernes Ambiente zu schaffen, dass dem Lebensstil der Winterthurer Bewohner entspricht. Bei der Modernisierung lag besonderes Augenmerk darauf, jeder Wohnung einen zeitgemässen Ausbaustandard zu verleihen. Die individuellen Wohnräume sind flexibel gestaltet und reichen von 1.5 bis 4.5 Zimmern, um den vielfältigen Bedürfnissen der Mieter gerecht zu werden. Jede Einheit besticht durch hochwertigen Parkettboden und eine elegante Materialisierung in den Badezimmern. Die stilvollen Küchen integrieren sich nahtlos in den Wohnbereich und sind mit modernsten Geräten ausgestattet. Diese Wohnungen bieten eine herausragende Gelegenheit, zentral und in einem historischen Haus nahe des Stadtzentrums zu wohnen. Bezug per 1. März 2025Ulrich-Hegner-Strasse 1, 8400 Winterthur","Frisch sanierte 4.5-Zimmerwohnung","79m²","4.5 Zimmer"
"1726673548-14","https://www.immoscout24.ch/de/immobilien/mieten/ort-winterthur?pn=5","3.5 Zimmer","CHF 1’839.–","Rümikerstrasse 19, 8409 Winterthur","Saniert im Jahr 2018Die Küche sowie das Badezimmer wurden komplett erneuert. Je nach Raum werden Parkett- oder Laminatböden verlegt.Familienfreundliche LageDie familienfreundliche Überbauung bietet einen Spielplatz mit grosszügiger Grünfläche. Das Schulhaus Hegi befindet sich ebenfalls in unmittelbarer Nähe.EinkaufsmöglichkeitenDiverse Einkaufsmöglichkeiten wie Migros und Coop bieten den Bewohnern alles, was für den täglichen Bedarf benötigt wird. Diverse Geschäfte wie Media Markt sind ebenfalls in wenigen Gehminuten zu erreichen.Öffentliche VerkehrsmittelDie Wohnlage ist perfekt, dank der gut angebundenen öffentlichen Verkehrsmittel sind Sie in 20 Minuten im Zentrum der Stadt Winterthur.Eigener WaschturmJede Wohnung verfügt über eine eigene Waschmaschine und Tumbler.Tiefgaragenparkplätze und BastelräumeAuf Wunsch können attraktive Bastelräume und Tiefgaragenplätze dazu gemietet werden. Alle Bilder zeigen den Standard. Der Grundriss kann leicht abweichen.","Rümikerstrasse - eine Wohnüberbauung die lebt und atmet","88m²","3.5 Zimmer"
"1726673548-15","https://www.immoscout24.ch/de/immobilien/mieten/ort-winterthur?pn=5","1.5 Zimmer","CHF 1’970.–","Marktgasse 23, 8400 Winterthur","","Moderne 1.5-Zimmerwohnung mit Loggia in der Marktgasse","39m²","1.5 Zimmer"
"1726673548-16","https://www.immoscout24.ch/de/immobilien/mieten/ort-winterthur?pn=5","4.5 Zimmer","CHF 2’698.–","Wydenstrasse 57, 8408 Winterthur","","Wohnerlebnis im Grünen","115m²","4.5 Zimmer"
"1726673548-17","https://www.immoscout24.ch/de/immobilien/mieten/ort-winterthur?pn=5","2.5 Zimmer","CHF 1’700.–","Zum Hölzli 2, 8405 Winterthur","","Schöne 2.5-Zimmer Dachwohnung zu vermieten","85m²","2.5 Zimmer"
"1726673548-18","https://www.immoscout24.ch/de/immobilien/mieten/ort-winterthur?pn=5","4.5 Zimmer","CHF 2’535.–","Wydenstrasse 43, 8408 Winterthur","","Wohnerlebnis im Grünen","107m²","4.5 Zimmer"
"1726673548-19","https://www.immoscout24.ch/de/immobilien/mieten/ort-winterthur?pn=5","4.5 Zimmer","CHF 2’590.–","Espenstrasse 88, 8408 Winterthur","","helle, sonnige 4.5-Zimmerwohnung","105m²","4.5 Zimmer"
"1726673548-20","https://www.immoscout24.ch/de/immobilien/mieten/ort-winterthur?pn=5","5.5 Zimmer","CHF 3’621.–","Rudolfstrasse 17, 8400 Winterthur","","Zentrale 5.5-Zimmerwohnung in Winterthur sucht neuen Mieter!","140m²","5.5 Zimmer"
"1726673552-21","https://www.immoscout24.ch/de/immobilien/mieten/ort-winterthur?pn=4","3.5 Zimmer","CHF 1’590.–","Guggenbühlstrasse 4, 8404 Winterthur","Ab 1. November 2024 vermieten wir an zentraler Lage eine helle 3.5-Zimmer-Wohnung im 7.OG. Wohnungsbeschrieb: - Parkettboden in allen Wohnräumen - Küche mit Geschirrspüler - Balkon mit herrlicher Aussicht - Badezimmer mit Badewanne - Waschmaschine und Tumbler zur Mitbenutzung- Lift vorhanden Umgebung: - Kindergarten, Schule in der nahen Umgebung - Nahegelegener Autobahnanschluss - Migros, Post und Apotheke in wenigen Schritten erreichbar Bei den Fotos handelt es sich um Musterfotos von gleichwertig renovierten Wohnungen im gleichen Gebäude. Überzeugen Sie sich am besten gleich vor Ort von dieser Wohnung. Der Besichtigungstermin findet wie folgt statt: Mittwoch, 18. September 2024 von 17:30 bis 18:30 Uhr Frau Schürch nimmt Sie gerne in Empfang. Ein Anmeldeformular erhalten Sie ebenfalls bei der Besichtigung vor Ort. Bei Fragen stehen wir Ihnen gerne zur Verfügung und wünschen viel Freude bei der Besichtigung.","Weitblick aus dem 7.OG geniessen","70m²","3.5 Zimmer"
"1726673552-22","https://www.immoscout24.ch/de/immobilien/mieten/ort-winterthur?pn=4","2.5 Zimmer","CHF 1’685.–","Langgasse 92, 8400 Winterthur","Wir vermieten per 1. Oktober 2024 diese tolle, moderne 2.5-Zimmerwohnung im 3. Obergeschoss an der Langgasse 92, 8400 Winterthur.Alle Vorzüge auf einen Blick: • Grundriss ca. 45 m2 • Lage 3. Obergeschoss • edler Parkettboden in Korridor, Wohn- und Schlafzimmer • dunkle Plattenboden in Küche und Badezimmer (Dusche) • moderne Küche mit Kühlschrank + integriertem Gefrierfach, Geschirrspüler, Glaskearmik Kochfeld und Naturstein Arbeitsflächen • Garderobe mit Einbauschrank • Balkon • Kellerabteil Informationen zum Standort:Die Liegenschaft Langgasse 92, Winterthur überzeugt durch ihren zentralen aber sehr ruhigen Standort, unweit der Einkaufs- und Flaniermeile von Winterthur.Der Campus Technikumstrasse - ZHAW School of Engineering Winterthur ist vier Gehminuten entfernt. Mit dem Bus Haltestelle Technikumerreichen Sie den Bahnhof Winterthur und weitere Einkaufsmöglichkeiten in fünf oder zu Fuss in zehn Minuten. Die Autobahnausfahrt 1 (A1) Winterthur Töss ist nur 7 Autominuten, ca. 3.6 km entfernt. Wir freuen uns auf Ihre Kontaktaufnahme!Freundliche GrüsseH&amp;B Real Estate AG","ruhig und zentral gelegene 2.5 Zimmerwohnung","45m²","2.5 Zimmer"
"1726673552-23","https://www.immoscout24.ch/de/immobilien/mieten/ort-winterthur?pn=4","3 Zimmer","CHF 1’920.–","Tösstalstr. 285, 8405 Winterthur","Per sofort oder nach Vereinbarung, vermieten wir diese sanierte, geräumige 3 Zi.-Wohnung. • Neue, offene Küche mit Granit- Arbeitsfläche, Glaskeramik, Geschirrspüler etc. • Schönes Badezimmer. • Nasszellen mit Bodenplatten; Parkett und Laminat in den Räumen. • Angenehme Nachbarschaft. • Das Shopping Center ""Seen"" und diverse Einkaufsmöglichkeiten befinden sich in der Nähe. Zögern Sie nicht und rufen Sie unbverbindlich an um einen Besichtigungstermin zu vereinbaren.","Neusanierte 3 Zi.-Wohnung in Winterthur Seen","","3 Zimmer"
"1726673552-24","https://www.immoscout24.ch/de/immobilien/mieten/ort-winterthur?pn=4","1.5 Zimmer","CHF 1’380.–","Friedhofstrasse 8, 8406 Winterthur","Frisch saniert - tolle SinglewohnungPer 01.10.2024 oder nach Vereinbarung vermieten wir eine schmucke und helle 1.5-Zimmer-Wohnung im 1.OG an der Friedhofstrasse 8 in 8406 Winterthur.Nachfolgend sind einige Highlights dieser Wohnung aufgeführt: • Wohnung wurde in den Jahren 2015/2024 sehr umfassend saniert. Es wurden natürliche Materialien verbaut (Kork, Kalziumsilikatplatten, mineralische Farben usw.). • Neuwertige Einbauküche mit Granit und Glaskeramikherd • Grosszügige Einbauschränke • Glasfaseranschluss • Sonniger und gemütlicher Balkon (nicht einsehbar) • Echtholzparkett im Wohn-/Schlafbereich • Kellerabteil im UG Die Liegenschaft befindet sich direkt an der Töss - eingebettet in eine grüne Umgebung, bietet der Standort ideale Voraussetzung für Naturverbundene und zahlreiche Naherholungsmöglichkeiten. In nächster Nähe befindet sich die Bushaltestelle Nägelsee, von wo aus Sie bequem ins Stadtzentrum gelangen und Anschluss an zahlreiche Zugverbindungen finden. Die Einkaufszentren Töss und Lokwerk sowie ein Aldi bieten optimale Einkaufsmöglichkeiten für den täglichen Bedarf. Diese sind bequem auch mit dem Velo zu erreichen. Ein Autoabstellplatz beim Haupteingang kann für CHF 75.- pro Monat dazu gemietet werden. Ein gedeckter Motorradabstellplatz für CHF 40.- pro Monat ist ebenfalls verfügbar.Interessiert? Bei Fragen oder für einen Besichtigungstermin kontaktieren Sie uns gerne via Kontaktformular.","Schmucke Wohnung an der Töss mit sonnigem Balkon","28m²","1.5 Zimmer"
"1726673552-25","https://www.immoscout24.ch/de/immobilien/mieten/ort-winterthur?pn=4","2.5 Zimmer","CHF 1’930.–","Seuzacherstr. 9a, 8400 Winterthur","Hier erwartet Sie eine modernen Wohnung in zentraler Lage mit komfortabler Ausstattung. Das Einkaufszentrum im Haus und die Bushaltestelle vor dem Haus bieten zusätzlichen Komfort und sparen Zeit.- Moderne Wohnung an zentraler Lage- Gesamte Wohnung mit Parkett- Offene Küche mit Glaskeramikherd, Geschirrspüler und Backofen- Badezimmer mit Badewanne- Waschmaschine und Trockner in der Wohnung- Grosszügiger Balkon (Loggia)- Reduit- Kellerabteil- Lift- Minergiewohnüberbauung mit kontrollierter Lüftung- Migros direkt in der Liegenschaft (Einkaufszentrum Rosenberg)- Sehr nahe gelegene Busstation - Einstellplatz für CHF 140.- pro Monat Interessiert? Bewerben Sie sich jetz!Homepage: http://www.james-winterthur.ch","Zentrum Rosenberg: Moderne Wohnung mit eigenem Concierge","66m²","2.5 Zimmer"
"1726673552-26","https://www.immoscout24.ch/de/immobilien/mieten/ort-winterthur?pn=4","4 Zimmer","CHF 1’650.–","Juchstrasse 20, 8400 Winterthur","Per 01. Dezember 2024 vermieten wir die gemütliche Wohnung mit Charme.Besichtigung:Die Besichtigung findet wie folgt ohne Voranmeldung statt:- Mittwoch, 11.09.2024 / 17.00 - 18.00 Uhr- Donnerstag, 12.09.2024 / 18.00 - 19.00 Uhr- Donnerstag, 19.09.2024 / 18.00 - 19.00 UhrSie dürfen bei ""Stadelmann"" klingeln.Ausbaustandard:Die Wohn- sowie Schlafräume sind mit Riemenparkettböden ausgestattet. Die Küche verfügt über den gewohnten Standard. Im Bad/WC wurden Platten verlegt.Lage:Die Wohnung befindet sich in einem ruhigen und gleichzeitig zentrumsnahen Wohnquartier in Winterthur-Veltheim. Den Bahnhof Winterthur erreichen Sie mit dem Fahrrad in nur 4 Minuten. Diverse Einkaufsmöglichkeiten und den öffentlichen Verkehr erreichen Sie ebenfalls in wenigen GehminutenKinder und Jugendliche:Der Kindergarten sowie auch die Schulen sind in der Umgebung vorhanden und können ebenfalls zu Fuss erreicht werden. Direkt vor der Liegenschaft befindet sich ein Spielplatz.Nebenräume / Gemeinsame Räume: Zusätzlich steht Ihnen ein eigenes Kellerabteil sowie ein Veloraum für das ganze Haus zur Verfügung. Waschraum sowie Trocknungsraum befinden sich im Untergeschoss. Parkplatz:Einstellplätze in der Tiefgarage können für CHF 130.00/Mt. / Elektroplätze für CHF 150.00/Mt. dazu gemietet werden.Haben wir Ihr Interesse geweckt? Dann freuen wir uns auf Ihre Onlinebewerbung.Es handelt sich um Beispielbilder, die den Ausbaustandard der Wohnung zeigen und die von der Wohnung abweichen können.","Gemütliche 4.5 Zimmer Wohnung an guter Lage","76m²","4 Zimmer"
"1726673552-27","https://www.immoscout24.ch/de/immobilien/mieten/ort-winterthur?pn=4","4.5 Zimmer","CHF 2’150.–","Juchstrasse 10, 8400 Winterthur","Per 01.12.2024 vermieten wir diese 4.5-Zimmer Wohnung im 1. Stock.Besichtigung:Die Besichtigung findet wie folgt ohne Voranmeldung statt:- Donnerstag,12.09.2024 / 18.30 - 20.00 Uhr- Dienstag, 01.10.2024 / 18.30 - 20.00 Uhr- Dienstag, 22.10.2024 / 18.30 - 20.00 UhrSie dürfen bei ""Eicher"" klingeln.Die Wohnung überzeugt: • Parkettboden in Wohn- und Schlafzimmern • Badezimmer mit Badewanne • Balkon mit Aussicht • Spielplatz Einkaufmöglichkeiten und Schulen befinden sich in der Nähe.Einstellplätze in der Tiefgarage können für CHF 130.00/Mt. / Elektroplätze für CHF 150.00/Mt. dazu gemietet werden.Haben wir Ihr Interesse geweckt? Lassen Sie sich bei einer unverbindlichen Besichtigung vom Flair dieser Wohnung überzeugen.Es handelt sich um Beispielbilder, die den Ausbaustandard der Wohnung zeigen und die von der Wohnung abweichen können.","Gemütliche Wohnung an ruhiger und doch zentraler Lage","104m²","4.5 Zimmer"
"1726673552-28","https://www.immoscout24.ch/de/immobilien/mieten/ort-winterthur?pn=4","2.5 Zimmer","CHF 1’795.–","Rütlistr. 17, 8400 Winterthur","In dieser Wohnung in einem gepflegten Mehrfamilienhaus werden Sie sich sofort wohl fühlen und auf dem Balkon die Ruhe geniessen. Einkaufszentren, die Altstadt und der Anschluss an den öffentlichen Verkehr sind in unmittelbarer Nähe erreichbar.Für Ihre Wohnqualität:- Parkettboden in Wohn- und Schlafzimmer- Offene und modern ausgestattete Küche mit Induktionsherd- Geräumige, offene Wohnküche mit Frühstücksbar, Induktionsherd und Geschirrspüler- Nasszelle mit Dusche und separaten WC mit Plattenboden- Praktische Einbauschränke im KorridorZusätzlich auf Wunsch: Einstellplatz Tiefgarage 130.-/Monat.Interessiert? Dann lohnt sich eine Besichtigung.","Moderne Wohnung mit Charme","70m²","2.5 Zimmer"
"1726673552-29","https://www.immoscout24.ch/de/immobilien/mieten/ort-winterthur?pn=4","3.5 Zimmer","CHF 2’170.–","Aeckerwiesenstr. 24, 8400 Winterthur","In dieser Wohnung erwartet Sie eine ruhige, sonnige Lage im beliebten Blumenauquartier. Die Bushaltestelle und diverse Einkaufsmöglichkeiten sind bequem zu Fuss erreichbar, sodass Sie alle Annehmlichkeiten des täglichen Bedarfs in unmittelbarer Nähe haben.- Grosszügiger Grundriss und moderner Innenausbau- Ganze Wohnung mit Parkett- Küche mit Geschirrspüler, Backofen und Glaskeramik- Modernes Bad/WC mit Doppellavabo und Dachfenster für viel Tageslicht- Separates Gäste WC- Nasszellen und Küche mit Keramischenplatte- Reduit mit eigener Waschmaschine und Tumbler- Sonnige Terrasse- Eigenes KellerabteilInteressiert? Bewerben Sie sich jetz!","Sonniges Wohnen im Herzen des Blumenauquartiers - MIETEN OHNE KAUTION!","109m²","3.5 Zimmer"
"1726673552-30","https://www.immoscout24.ch/de/immobilien/mieten/ort-winterthur?pn=4","2.5 Zimmer","CHF 1’707.–","Ursulaweg 27, 8404 Winterthur","Gemütliche 2.5 Zimmer- Dachwohnung am Ursulaweg wird frei- Ganze Wohnung Parkett- Küche mit Geschirrspüler, Backofen und Glaskeramikherd- Bad/WC mit Badewanne- Sonniger Balkon- Estrich- kein Lift- Ruhige und doch zentrale Wohnlage- Nahe gelegene Einkaufsmöglichkeiten - Nähe Bahnhof ""Wallrüti""Die Fotos zeigen den Standard.","Mögen Sie's grosszügig?","76m²","2.5 Zimmer"
"1726673552-31","https://www.immoscout24.ch/de/immobilien/mieten/ort-winterthur?pn=4","3 Zimmer","CHF 1’755.–","Guggenbühlstrasse 60, 8404 Winterthur","Diese Wohnung ist ruhig und unweit von Freibad, diversen Einkaufsmöglichkeiten und öffentlichem Verkehrsanschluss in Oberwinterthur gelegen. Ausserdem überzeugt die Wohnung mit folgender Ausstattung: - Küche: Angenehme Grösse, gepflegt, einaldend und hell - Korridor: Mit parktischer Garderobe und Einbauschrank - Badezimmer: Badewanne, Unterbaumöbel (ohne Fenster) - Wohnzimmer: Mit Eichenparkettboden und angrenzendem Balkon - Schlafzimmer: Mit Eichenparkettboden und Fenster ausgestattet - Plattenbodenbeläge: in übrigen Räume: Küche, Korridor und Bad - Weiterer Stauraum: Mit eigenem Keller- sowie Estrichabteil","Gemütliche Wohnung an zentraler Lage zu vermieten!","68m²","3 Zimmer"
"1726673552-32","https://www.immoscout24.ch/de/immobilien/mieten/ort-winterthur?pn=4","3 Zimmer","CHF 1’845.–","Mooswiesenweg 19, 8404 Winterthur","Wir vermieten an toller Lage eine schöne und moderne Wohnung, welche über folgende Highlights verfügt: - Parkettboden im Wohnzimmer - Marmoleumböden in Schlaf- und Kinderzimmer - Plattenböden in Küche, Bad und Korridor - Grosse Küche mit Glaskeramik - Grosszügiger und sonniger Balkon mit Wind-/Sichtschutz. - Je ein Keller- und Estrichabteil. ÖV, Schulen, und Einkaufsmöglichkeiten sind in nächster Nähe. Ein Auto-Einstellplatz für CHF 130.00 im Monat kann dazugemietet werden.Haben wir Ihr Interesse geweckt? Dann melden Sie sich noch heute für einen Besichtigungstermin!(Die Fotos zeigen den Standard, Abweichungen sind möglich)","Schöne und gemütliche Wohnung mit ruhiger & zugleich zentrumsnaher Wohnlage!","65m²","3 Zimmer"
"1726673552-33","https://www.immoscout24.ch/de/immobilien/mieten/ort-winterthur?pn=4","3.5 Zimmer","CHF 1’838.–","Riedhofstrasse 49, 8408 Winterthur","Ob ins Stadtzentrum von Winterthur oder auf die Autobahn Richtung Zürich/St. Gallen/Flughafen sind es nur wenige Minuten. Zudem befindet sich das Zentrum von Wülflingen unmittelbarer Nähe. Hier können Sie tägliche Besorgungen erledigen. Ebenso sind die Badi Wülflingen, Kindergarten und Schulhaus u in wenigen Gehminuten erreichbar. Die Wohnung bietet ihren neuen Bewohnern folgendes:- Helle Küche mit Geschirrspüler, Glaskeramik und Backofen- Badezimmer mit Badewanne und Tageslicht- Einbauschränke im Korridor- BalkonZu der Wohnung kann einen Einstellplatz für CHF 130.00 dazu gemietet werden.*Die Bilder zeigen den Standard der Liegenschaft und entsprechen nicht immer der angebotenen Wohnung.*","Ihr neues Zuhause an bester Lage","71m²","3.5 Zimmer"
"1726673552-34","https://www.immoscout24.ch/de/immobilien/mieten/ort-winterthur?pn=4","1 Zimmer","CHF 1’440.–","Gutstrasse 13, 8400 Winterthur","Wir vermieten diese attraktiv gelegene Wohnung, welche ausserdem folgendes zu bieten hat: - Küche modern mit Glaskeramikherd und Granitabdeckung - Parkettboden im Wohnzimmer, Schlafzimmer und Korridor - Plattenboden in Küche und Bad- Genügend Stauraum dank Einbauschrank- Eigener Kellerabteil im Untergeschoss Das Objekt ist in der Nähe von diversen Einkaufsmöglichkeiten, öffentlichen Verkehrsmittel wie auch naturnah gelegen.(Die Fotos entsprechen dem Standard, kleine Abweichungen sind möglich.)","Wohnung mit Charme und Stadtnähe!","39m²","1 Zimmer"
"1726673552-35","https://www.immoscout24.ch/de/immobilien/mieten/ort-winterthur?pn=4","1.5 Zimmer","CHF 3’310.–","Feldstrasse 16, 8400 Winterthur","Ihr neues Zuhause liegt im Veltheim-Quartier in der neuen Überbauung Zur Weinlese. Hier treffen Sie auf Grossstadt Flair, welches sich mit dörflicher Gelassenheit vereint hat. Sie profitieren von einer herausragenden Infrastruktur mit einem breiten Angebot und müssen dennoch nicht auf Ruhe und Rückzugsmöglichkeiten verzichten.Winterthur bietet vielfältige Einkaufsmöglichkeiten, Cafés und Restaurants sowie ein breites Sport und Kulturangebot. Die hübsche Altstadt ist in wenigen Minuten erreichbar und überzeugt mit einer ausgedehnten Fussgängerzone. In Ihrer Freizeit können Sie im Zürcher Weinland mit seinen Seen und Weinbergen beim Spazieren und Radfahren Ihre Seele baumeln lassen und sich entspannen.Es stehen Ihnen 131 m2 Wohnflächen zur individuellen Aufteilung in verschiedene Wohnbereiche mit entsprechender Möblierung zur Verfügung. Ein moderner Innenausbau gekonnt gepaart mit der Erhaltung der denkmalgeschützten Säulen. Eine grosszügige, offene Küche, mit modernen Küchengeräten.Ein Waschturm wurde platzsparend im Nasszellenbereich integriert.DetailsEin Einstellplatz in der Tiefgarage kann auf Wunsch dazu gemietet werden.Anrufen. Besichtigen. Mieten.Haben Sie Lust, in einem Trendquartier zu wohnen? Dann freuen wir uns auf Ihre Kontaktaufnahme!Wohnungsbesichtigung mit Voranmeldung bei Frau Karin Koci unter der Telefonnummer 058 280 60 63Claudia Schärerclaudia.schaerer@helvetia.ch Telefon 058 280 86 81**Unterzeichnen Sie den Mietvertrag für diese Wohnung und wir schenken Ihnen zwei Netto-Monatsmieten. Sie bezahlen die ersten zwei Monate nur die Nebenkosten für Ihre Wohnung**.Als Mieter von Helvetia profitieren Sie von 40 % Rabatt auf Ihre erste Jahresprämie für ausgewählte Helvetia Versicherungsprodukte!Weitere interessante Mietobjekte finden Sie unter: www.helvetia.ch/immobilien!","Einzigartige Loftwohnung","131m²","1.5 Zimmer"
"1726673552-36","https://www.immoscout24.ch/de/immobilien/mieten/ort-winterthur?pn=4","3.5 Zimmer","CHF 2’145.–","Büelrainstrasse 53, 8400 Winterthur","","Keine Besichtigungen mehr!","88m²","3.5 Zimmer"
"1726673552-37","https://www.immoscout24.ch/de/immobilien/mieten/ort-winterthur?pn=4","2.5 Zimmer","CHF 1’802.–","Sankt-Georgen-Strasse 28, 8400 Winterthur","","2.5-Zimmer Dachwohnung im Inneren Lind","58m²","2.5 Zimmer"
"1726673552-38","https://www.immoscout24.ch/de/immobilien/mieten/ort-winterthur?pn=4","2.5 Zimmer","CHF 2’940.–","Lindstrasse 28, 8400 Winterthur","","2.5 Zimmerwohnung mit Terrasse","79m²","2.5 Zimmer"
"1726673552-39","https://www.immoscout24.ch/de/immobilien/mieten/ort-winterthur?pn=4","4.5 Zimmer","CHF 3’150.–","Obertor 35, 8400 Winterthur","","4.5- Zimmer Maisonette Altstadtwohnung","114m²","4.5 Zimmer"
"1726673552-40","https://www.immoscout24.ch/de/immobilien/mieten/ort-winterthur?pn=4","4.5 Zimmer","CHF 2’660.–","Espenstrasse 84, 8408 Winterthur","","helle, sonnige 4.5-Zimmerwohnung","107m²","4.5 Zimmer"
"1726673557-41","https://www.immoscout24.ch/de/immobilien/mieten/ort-winterthur?pn=3","2.5 Zimmer","CHF 2’260.–","St. Gallerstrasse 84, 8400 Winterthur","An zentraler Lage an der St. Gallerstr. 82/84 vermieten wir per Januar 2025 attraktive 2.5- und 3.5-Zimmer-Wohnungen, die nach einer vollumfänglichen Totalsanierung in neuem Glanz erstrahlen.Die modernen Wohnungen überzeugen mit folgenden Pluspunkten:- Grosszügiger Wohn-/Essbereich - Gut möblierbare und einzigartige Grundrisse- Hochwertige und elegante Küchen - Lichtdurchflutete und pflegeleichte Bäder - Eingangsbereich mit Einbauschränken- Waschmaschine/Tumbler in der Wohnung- Fussbodenheizung- Gemütliche Balkone oder Sitzplätze zum Verweilen und Geniessen- Zentrale und doch ruhig gelegene Lage unweit vom Stadtzentrum- Zahlreiche Einkaufs- und Verpflegungsmöglichkeiten in unmittelbarer GehdistanzInformieren Sie sich auf der Projektwebseite über das gesamte Wohnungsangebot und finden Sie heute noch Ihre neue Traumwohnung. Bei Fragen oder für ergänzende Auskünfte stehen wir Ihnen gerne zur Verfügung. Wir freuen uns auf Ihre Kontaktaufnahme.","Erstbezug nach Totalsanierung - Ihre neue Traumwohnung","62m²","2.5 Zimmer"
"1726673557-42","https://www.immoscout24.ch/de/immobilien/mieten/ort-winterthur?pn=3","1 Zimmer","CHF 812.–","Am Bach 64, 8400 Winterthur","Ab 16. Januar 2025 vermieten wir im Mattenbachquartier an zentraler und ruhiger Lage, eine 1-Zimmer-Wohnung im 1. Obergeschoss.Übersicht Wohnung • Küche mit Gusskochplatten • ein Badezimmer mit Badewanne • Wohnzimmer mit Parkett • separates Kellerabteil • Waschküche zur Mitbenützung (Termine flexibel über die Waschküchen-App buchbar) Die Wohnung wird unmöbliert vermietet.Umgebung • Einkaufsmöglichkeiten in Gehdistanz • Stadtzentrum mit dem Fahrrad schnell erreichbar • Bushaltestelle direkt vor dem Haus • Nahegelegener Autobahnanschluss Die Wohnung wird teilsaniert, dementsprechend werden alle Böden durch Parkett ersetzt und alle Wände/Decken/Türen neu gestrichen. Bei den Bildern handelt es sich um eine gleichwertige Wohnung.BesichtigungstermineÜberzeugen Sie sich am besten gleich vor Ort von dieser Wohnung. Die Besichtigungstermine finden an folgenden Daten statt:Montag, 16. September 2024 ab 18:30 Uhr bis 19:30 UhrDienstag, 17. September 2024 ab 18:30 Uhr bis 19:30 UhrDie jetzige Mieterin, Frau Santoleri / Fuchs, nimmt Sie gerne in Empfang. Ein Anmeldeformular erhalten Sie ebenfalls bei der Besichtigung vor Ort.Bei Fragen stehen wir Ihnen gern zur Verfügung und wünschen viel Freude bei der Besichtigung.","Wohnen im beliebten Mattenbachquartier!","31m²","1 Zimmer"
"1726673557-43","https://www.immoscout24.ch/de/immobilien/mieten/ort-winterthur?pn=3","2.5 Zimmer","CHF 1’814.–","Römerstr. 128, 8404 Winterthur","Im Dorfkern von Oberwinterthur vermieten wir diese schöne 2.5 Zimmer-Wohnung mit Sitzplatz. Profitieren Sie von folgenden Vorzügen:- Grosszügiger Grundriss- Schöne, helle Küche mit Glaskeramikherd und Geschirrspüler- Parkettboden im Korridor und Wohnzimmer- Schlafzimmer mit Marmoleum- Modernes Badezimmer mit Badewanne- Praktische Wandschränke im Korridor- Reduit- Kellerabteil- Sonniger Sitzplatz- Lift- Neue Spiel- und Grillplätze in der Siedlung- Ruhige, kinderfreundliche Lage, gepflegte Umgebung- Nähe Einkaufsmöglichkeiten, Schulen und Kindergarten- Gute Verkehrsanbindung(Die Fotos entsprechen dem Standard)","""Oberi"" die beliebte Wohngegend ""Mieten ohne Kaution""","80m²","2.5 Zimmer"
"1726673557-44","https://www.immoscout24.ch/de/immobilien/mieten/ort-winterthur?pn=3","2.5 Zimmer","CHF 1’700.–","Sulzerallee 53, 8404 Winterthur","Sind Sie auf der Suche nach einem neuen, modernen Zuhause? Bei uns finden Sie garantiert die perfekte Wohnung, welche Ihren Vorstellungen entspricht.- Wohnbereich mit offener Küche- Moderne Küchengeräte- Dusche/WC mit Waschturm- Loggias- Einkaufsmöglichkeiten in unmittelbarer Nähe- Bahnhof und Bushaltestelle in der Nähe- In wenigen Minuten am HB-Winterthur und in der AltstadtLassen Sie sich vom hochwertigen Ausbaustandard überzeugen und vereinbaren Sie noch heute einen individuellen Besichtigungstermin.Alle Informationen finden Sie auf unserer Objekthomepage https://www.roy-winterthur.chWir freuen uns auf Ihre Kontaktaufnahme.","ROY- Klein aber oho!","58m²","2.5 Zimmer"
"1726673557-45","https://www.immoscout24.ch/de/immobilien/mieten/ort-winterthur?pn=3","5.5 Zimmer","CHF 2’650.–","Weizackerstr. 25, 8405 Winterthur","Wir vermieten ab den 16.08.2024 diese tolle Maisonettewohnung für die ganze Familie!2. Obergeschoss**************- 4 Schlafräume- Parkett in allen Zimmern- Bad mit Badewanne, WC- Gäste-Toilette mit separater Dusche, WC- Waschmaschine / Trockner in der WohnungDachgeschoss***********- Eingangsbereich- Einladender Wohnbereich mit Natursteinboden- Offene Küche mit Geschirrspüler- Angrenzender Essbereich- Terrasse mit 25 m²- Lift vorhanden- KellerabteilEinen Einstellplatz für 120 CHF dazu gemietet werden!Haben wir Ihr Interesse geweckt?Für einen Besichtigungstermin, Bewerbungslink sowie weitere Informationen senden Sie uns eine Nachricht via Kontaktformular. Sie erhalten anschliessend eine automatische Nachricht mit den erwähnten Informationen. Wir freuen uns auf Ihre Kontaktaufnahme!","Einfach ein Traum  / MIETEN OHNE KAUTION!","116m²","5.5 Zimmer"
"1726673557-46","https://www.immoscout24.ch/de/immobilien/mieten/ort-winterthur?pn=3","2.5 Zimmer","CHF 1’590.–","Pfaffenwiesenstr. 50, 8404 Winterthur","Im Wallrüti-Quartier wird diese schöne 2.5 Dachwohnung frei.- Ganze Wohnung Parkett- Küche mit Geschirrspüler- Helles Badezimmermit Badewanne- Balkon- Grosser Estrich- Ruhige Lage- Schwimmbad und Einkauf in nächster Nähe- 3 Gehminuten zum Bahnhof Wallrüti (S-Bahn-Anschluss)- Gute Bus-Verbindung zum Hauptbahnhof und in die Stadt","Grosszügige Dachwohnung!""Mieten ohne Kaution""","67m²","2.5 Zimmer"
"1726673557-47","https://www.immoscout24.ch/de/immobilien/mieten/ort-winterthur?pn=3","4.5 Zimmer","CHF 2’430.–","Solarstrasse 7, 8404 Winterthur","Die hochwertig ausgebaute Mietwohnung wurde erst per November 2021 fertiggestellt. Sie begrüsst neue Mieter mit Architektur auf der Höhe der Zeit. Das Objekt bietet Ihnen nebst dem ansprechenden Grundriss folgenden Ausbaustandard:- Hohe Räume mit Anhydritboden- Geräumige Zimmer - Offene Küche- Badezimmer/WC- Eigener Waschturm- Balkon- Eigenes Kellerabteil- Nachhaltige Bauweise- Begrünter Innenhof Bei den Fotos handelt es sich um Musterbilder, die den Ausbaustandard darstellen. Die genaue Raumaufteilung können Sie dem Grundriss entnehmen. Bei Bedarf und Verfügbarkeit kann ein Einstellplatz für CHF 150.00 pro Monat dazu gemietet werden.Öffentliche Verkehrsmittel stehen Ihnen vielzählig zur Verfügung und bringen Sie innert kurzer Zeit nach Winterthur, von wo aus Sie Verbindungen in alle Richtungen haben.Zudem finden Sie eine Grosszahl an Einkaufsmöglichkeiten und Dienstleistern für den täglichen Bedarf in der näheren Umgebung.Haben wir Ihr Interesse geweckt? Dann kontaktieren Sie uns direkt im Onlineinserat über ""Anbieter kontaktieren"". Sie erhalten anschliessend eine automatisierte E-Mail mit den Besichtigungsinformationen sowie der Möglichkeit, sich digital auf die Wohnung zu bewerben und/oder uns allfällige Fragen zu stellen.","Moderne Wohnung in Winterthur","100m²","4.5 Zimmer"
"1726673557-48","https://www.immoscout24.ch/de/immobilien/mieten/ort-winterthur?pn=3","4.5 Zimmer","CHF 3’145.–","Magazingasse 4, 8400 Winterthur","Die LageIhr neues Zuhause liegt im Veltheim-Quartier in der neuen Überbauung Zur Weinlese. Hier treffen Sie auf Grossstadt-Flair, welches sich mit dörflicher Gelassenheit vereint hat. Sie profitieren von einer herausragenden Infrastruktur mit einem breiten Angebot und müssen dennoch nicht auf Ruhe und Rückzugsmöglichkeiten verzichten. Winterthur bietet vielfältige Einkaufsmöglichkeiten, Cafés und Restaurants sowie ein breites Sport- und Kulturangebot. Die hübsche Altstadt ist in wenigen Minuten erreichbar und überzeugt mit einer ausgedehnten Fussgängerzone. In Ihrer Freizeit können Sie im Zürcher Weinland mit seinen Seen und Weinbergen beim Spazieren und Radfahren Ihre Seele baumeln lassen und sich entspannen.Ein Rundgang durch die WohnungDank des durchdachten Grundrisses, können Sie sich auf den insgesamt ca. 106.00 m2 Wohnfläche individuell einrichten und persönliche Rückzugsmöglichkeiten schaffen. Die Anhydrit- und die Parkett-Bodenbeläge sorgen für eine luftige Atmosphäre. Weitere Highlights sind die moderne Küche und das grosszügige Wohn-/Esszimmer. Auf dem Balkonen können Sie Ihren Feierabend geniessen und sich vom Alltagsstress erholen. Weitere Merkmale dieser Wohnung sind:- moderne Küche- grosszügiges Wohn-/Esszimmer- Zimmer- Balkon- Dusche/WC- Grosszügiges Entree mit Garderobe/Wandschrank- Waschmaschine/Tumbler in der Wohnung- Lift Anrufen. Besichtigen. Mieten.Haben Sie Lust, in einem Trendquartier zu wohnen? Dann freuen wir uns auf Ihre Kontaktaufnahme!Die Wohnung kann ohne Voranmeldung wie folgt besichtigt werden:Freitag, 20. September 2024, 17.30 - 18.30 Uhr Keine Voranmeldung nötig, Klingeln Sie bitte bei Turcati/JugovicClaudia Schärerclaudia.schaerer@helvetia.ch058 280 86 81Als Mieter von Helvetia profitieren Sie von 40 % Rabatt auf Ihre erste Jahresprämie für ausgewählte Helvetia Versicherungsprodukte! Bei den publizierten Bildern handelt es sich um typenähnliche/typengleiche Wohnungen. Abweichungen zum effektiven Angebot sind deshalb möglich.Weitere interessante Mietobjekte finden Sie unter: www.helvetia.ch/miete","Stadtnahes Wohnen","106m²","4.5 Zimmer"
"1726673557-49","https://www.immoscout24.ch/de/immobilien/mieten/ort-winterthur?pn=3","3.5 Zimmer","CHF 1’685.–","Heiniweg 10, 8404 Winterthur","In Oberwinterthur, im schönen Wallrüti-Quartier, vermieten wir diese 3.5 Zimmerwohnung, profitieren Sie von folgenden Vorzügen:- Wohnbereich Parkett, Badezimmer Platten - Moderne Wohnküche mit GS, GK, Fenster und Balkon- Helles Badezimmer mit Badewanne- Praktisches Reduit- Kellerabteil- Grosszügiger Balkon- Kinderfreundliche Lage- Gute Einkaufsmöglichkeiten- Nähe Bahnhof 'Wallrüti'Mieten ohne Kaution = kein blockiertes GeldBilder zeigen den Standart.","Einfach Zuhause fühlen! ""Mieten ohne Kaution""","76m²","3.5 Zimmer"
"1726673557-50","https://www.immoscout24.ch/de/immobilien/mieten/ort-winterthur?pn=3","2 Zimmer","CHF 2’855.–","Büelrainstrasse 13, 8400 Winterthur","Suchen Sie eine besondere, naturverbundene und zentral gelegene Wohngelegenheit? Dieses charmante und komfortable 2-Zimmer Einfamilienhaus könnte per 1. Dezember 2024 Ihr neues Zuhause sein!Das historisch wertvolle und denkmalgeschützte Haus wurde im Jahr 2014 umfassend und aufwändig renoviert. Highlights des Hauses: • Gemütliches Wohnzimmer mit Chemineé für behagliche Abende • Einbauküche mit Glaskeramikkochherd und Geschirrspüler ideal für Hobbyköche • Badezimmer mit Badewanne zum Entspannen • Praktischer Waschturm direkt im Badezimmer • Grosser Dachboden bietet zusätzlichen Stauraum und Gestaltungsmöglichkeiten Natur und Stadt in greifbarer Nähe und nur 5 Gehminuten bis in die Stadtmitte. Alle Annehmlichkeiten des Stadtlebens und die Ruhe der Natur in unmittelbarer Umgebung.Dieses Mietobjekt ist ein echtes Bijou, das Ihnen sowohl Ruhe als auch eine ideale Anbindung bietet! Überzeugen Sie sich am besten gleich vor Ort von dieser einmaligen Möglichkeit.Der Besichtigungstermin (ohne Voranmeldung) findet wie folgt statt: Montag, 30. September 2024 ab 16.30 Uhr bis 17.00 Uhr Frau Wirth nimmt Sie gerne in Empfang. Ein Anmeldeformular erhalten Sie ebenfalls bei der Besichtigung vor Ort.Wir freuen uns, Ihnen dieses besondere Haus vorstellen zu dürfen!","Wohnen im Denkmal: Kleines Einfamilienhaus im Grünen","58m²","2 Zimmer"
"1726673557-51","https://www.immoscout24.ch/de/immobilien/mieten/ort-winterthur?pn=3","4.5 Zimmer","CHF 2’825.–","Seuzacherstr. 9b, 8400 Winterthur","Zentral gelegen und dennoch schnell im Grünen – Ihr neues Zuhause direkt über dem Einkaufszentrum Rosenberg!- Gesamte Wohnung mit Parkett bzw- Plattenboden in den Bädern- Stilvolle Küche mit Geschirrspüler, Backofen und sehr viel Platz- Bad mit Badewanne sowie eine zusätzliche Gäste-Toilette mit Dusche- Waschmaschine / Tumbler in der Wohnung- Grosse Loggia/ Balkon mit viel Sonne und toller Weitsicht- Reduit- Sie kommen in den Genuss des renomierten James Concierge Service- Einstellplätze können für CHF 140.- im Monat dazugemietet werden.Haben wir Ihr Interesse geweckt? Dann freuen wir uns auf Ihre Bewerbung!","Moderne und grosszügie Wohnung sucht neuen Mieter!","117m²","4.5 Zimmer"
"1726673557-52","https://www.immoscout24.ch/de/immobilien/mieten/ort-winterthur?pn=3","1.5 Zimmer","CHF 3’930.–","Feldstrasse 16, 8400 Winterthur","Ihr neues Zuhause liegt im Veltheim-Quartier in der neuen Überbauung Zur Weinlese. Hier treffen Sie auf Grossstadt Flair, welches sich mit dörflicher Gelassenheit vereint hat. Sie profitieren von einer herausragenden Infrastruktur mit einem breiten Angebot und müssen dennoch nicht auf Ruhe und Rückzugsmöglichkeiten verzichten.Winterthur bietet vielfältige Einkaufsmöglichkeiten, Cafés und Restaurants sowie ein breites Sport- und Kulturangebot. Die hübsche Altstadt ist in wenigen Minuten erreichbar und überzeugt mit einer ausgedehnten Fussgängerzone. In Ihrer Freizeit können Sie im Zürcher Weinland mit seinen Seen und Weinbergen beim Spazieren und Radfahren Ihre Seele baumeln lassen und sich entspannen.Es stehen Ihnen 159 m2 Wohnflächen zur individuellen Aufteilung in verschiedene Wohnbereiche zur Verfügung.Eine grosszügige, offene Küche, mit modernen Küchengeräten.Ein Waschturm wurde platzsparend im Einbauschrank integriert.Räumlichkeiten, welche für Individualisten und Geniesser genau das Richtige sind.Lift im Haus vorhanden, Zugang direkt in die Wohnung. Die Loftwohnung hat keine Aussenräumlichkeiten.Ein Tiefgaragenplatz (CHF 160.00 p/m) vorhanden.Anrufen. Besichtigen. Mieten.Haben Sie Lust, in einem Trendquartier zu wohnen? Dann freuen wir uns auf Ihre Kontaktaufnahme!Für einen Besichtigungstermin wenden Sie sich bitte an unseren Hauswartin, Frau Koci , 058 280 60 63Claudia Schärerclaudia.schaerer@helvetia.ch Telefon 058 280 86 81**Unterzeichnen Sie den Mietvertrag für diese Wohnung und wir schenken Ihnen zwei Netto-Monatsmieten. Sie bezahlen die ersten zwei Monate nur die Nebenkosten für Ihre Wohnung**.Als Mieter von Helvetia profitieren Sie von 40 % Rabatt auf Ihre erste Jahresprämie für ausgewählte Helvetia Versicherungsprodukte!Weitere interessante Mietobjekte finden Sie unter: www.helvetia.ch/immobilien!","Trendige Loftwohnung in Winterthur mieten","159m²","1.5 Zimmer"
"1726673557-53","https://www.immoscout24.ch/de/immobilien/mieten/ort-winterthur?pn=3","3 Zimmer","CHF 1’560.–","Holzlegistrasse 26, 8408 Winterthur","Ob ins Stadtzentrum von Winterthur oder auf die Autobahn Richtung Zürich/St. Gallen/Flughafen sind es nur wenige Minuten. Zudem befindet sich das Zentrum von Wülflingen unmittelbarer Nähe. Hier können Sie tägliche Besorgen erledigen. Ebenso sind die Badi Wülflingen, Kindergarten, Schulhaus und Uni in wenigen Gehminuten erreichbar. Die Wohnung bietet ihren neuen Bewohnern folgendes:- Helle Küche mit Geschirrspüler, Glaskeramik und Backofen- Badezimmer mit Badewanne und Tageslicht- Wohnzimmer mit Parkettboden, Schlafzimmer mit Laminatboden- Einbauschränke im Korridor- Balkon*Die Bilder zeigen den Standard der Liegenschaft und entsprechen nicht immer der angebotenen Wohnung.*","Schöne Wohnung mit idealer Verkehrsanbindungen","62m²","3 Zimmer"
"1726673557-54","https://www.immoscout24.ch/de/immobilien/mieten/ort-winterthur?pn=3","2.5 Zimmer","CHF 1’950.–","Schönholzweg 41, 8409 Winterthur","","Mehrgenerationswohnen mit Siedlungsassistenz, Fitnessstudio und vielem mehr","61m²","2.5 Zimmer"
"1726673557-55","https://www.immoscout24.ch/de/immobilien/mieten/ort-winterthur?pn=3","3.5 Zimmer","CHF 3’200.–","Ernst-Jung-Gasse 18, 8400 Winterthur","","Wunderschöne Wohnung im Tender!","87m²","3.5 Zimmer"
"1726673557-56","https://www.immoscout24.ch/de/immobilien/mieten/ort-winterthur?pn=3","3.5 Zimmer","CHF 2’537.–","Espenstrasse 90, 8408 Winterthur","","komfortable, helle 3.5-Zimmerwohnung","114m²","3.5 Zimmer"
"1726673557-57","https://www.immoscout24.ch/de/immobilien/mieten/ort-winterthur?pn=3","4.5 Zimmer","CHF 3’990.–","Gütlitobelweg 10, 8400 Winterthur","","grosse und helle Parterrewohnung","154m²","4.5 Zimmer"
"1726673557-58","https://www.immoscout24.ch/de/immobilien/mieten/ort-winterthur?pn=3","3.5 Zimmer","CHF 2’640.–","Julie-Bikle-Str. 23, 8406 Winterthur","","Hell - modern - ruhig","91m²","3.5 Zimmer"
"1726673557-59","https://www.immoscout24.ch/de/immobilien/mieten/ort-winterthur?pn=3","3 Zimmer","CHF 1’850.–","Sonnenblickstr. 10, 8404 Winterthur","Die moderne und helle Wohnung befindet sich in einem lebendigen Stadtquartier mit Einkaufsmöglichkeiten in unmittelbarer Nähe. Sie ist ideal für Einzelpersonen, die eine optimale Anbindung an den öffentlichen Verkehr zu schätzen wissen. Der Bahnhof Wallrüti Winterthur ist nur fünf Gehminuten entfernt.Für Ihre Wohnqualität:- Moderne Küche mit Backofen, Glaskeramikherd und Geschirrspüler- Wohnraum und Schlafzimmer mit Parkettboden- Badezimmer mit Dusche/WC und Fenster- Keller für mehr Stauraum- Attraktive RaumtrennungZusätzlich auf Wunsch: Garagenbox für CHF 150.-/MonatInteressiert? Dann lohnt sich eine Besichtigung!","Suchen Sie Ihre neue Wohnung in Winterthur?","73m²","3 Zimmer"
"1726673557-60","https://www.immoscout24.ch/de/immobilien/mieten/ort-winterthur?pn=3","1.5 Zimmer","CHF 1’440.–","Zürcherstrasse 143, 8406 Winterthur","Das gepflegte Mehrfamilienhaus steht im Stadtteil Töss und ist in der Nähe des Stadtzentrums Winterthur. Der Bahnhof ist in wenigen Gehminuten erreichbar, diverse Bushaltestellen befinden sich in kurzer Distanz von der Liegenschaft entfernt. Mit den öffentlichen Verkehrsmitteln erreichen Sie in unter 10 Minuten das Stadtzentrum von Winterthur.Bei den Bildern handelt es sich um eine typenähnliche Wohnung in der gleichen Überbauung.Highlights: • Gut durchdachter Grundriss • Moderne Küche mit viel Stauraum • Lichtdurchfluteter Wohn-/Essbereich • Bad mit Dusche, WC, Lavabo und eigenem Waschturm • Grosser Sitzplatz im ruhigen Innenhof • Zentrale Lage Sammelbesichtigungstermin:Donnerstag, 12.09.2024 um 11.30 UhrFür einen Besichtigungstermin oder weitere Informationen zur Wohnung kontaktieren Sie uns bitte via Kontaktformular. Vielen Dank.Weitere spannende Wohnungen finden Sie auf unserer Homepage: www.goldinger.ch","1.5 Zimmerwohnung in Winterthur","37m²","1.5 Zimmer"
"1726673561-61","https://www.immoscout24.ch/de/immobilien/mieten/ort-winterthur?pn=2","2.5 Zimmer","CHF 1’716.–","Hofmannstr. 7, 8405 Winterthur","- gepflegte Liegenschaft- im Grünen- Wohnbereich Parkett- Zimmer Textilbodenbelag- offene Küche mit Essbereich- Bad/WC- Einbauschrank- Galerie (27 m2)- Balkon- im 1.OG, kein Lift- Keller-/Estrichabteil- Haustierhaltung auf Anfrage Einstellplätze à Fr. 120.--/mtl. vorhanden(Die Bilder entsprechen dem Standard und können vom Original abweichen)","Grosszügige 2.5-Zimmer-Wohnung in Winterthur","98m²","2.5 Zimmer"
"1726673561-62","https://www.immoscout24.ch/de/immobilien/mieten/ort-winterthur?pn=2","4.5 Zimmer","CHF 2’340.–","Else-Züblin-Strasse 97, 8404 Winterthur","In dieser, im Jahr 2007 erstellten, ersten Null-Energie Wohnüberbauung der Schweiz vermieten wir eine moderne 4.5-Zimmer-Wohnungen mit Balkon im 4. OG.Alle Wohnräume sind mit schönem Eichenparkett ausgelegt. Die offene Küche mit grauen Steinplatten verfügt über einen Geschirrspüler und Glaskeramikherd. Zwei Badezimmer mit Badewanne und WC und separater Dusche und WC. Der grosszügige Wohn- und Essbereich lädt zum Verweilen ein. Zusätzlichen Stauraum bietet das praktische Reduit mit eigener Waschmaschine/Tumbler.Einstellhallenplätze können in der hauseigenen Tiefgarage dazu gemietet werden.**Diese Bilder zeigen ein Referenzobjekt**","Moderne 4.5-Zimmer-Wohnung im Eulachhof","106m²","4.5 Zimmer"
"1726673561-63","https://www.immoscout24.ch/de/immobilien/mieten/ort-winterthur?pn=2","2.5 Zimmer","CHF 1’925.–","Else-Züblin-Strasse 70, 8404 Winterthur","Willkommen bei sue&amp;til!Tauchen Sie ein, denn hier erwartet Sie eine spritzige, inspirierende und innovative Wohnoase, welche auch Ihr Herz höher schlagen lässt!Wir sind die neue Siedlung im modernen Winterthurer Quartier Neuhegi mit Parks und allem, was es für ein aktives Leben braucht. sue&amp;til legt grossen Wert darauf, Ihnen zahlreiche Highlights und An-nehmlichkeiten zu bieten. Sie können sicher sein, dass sue&amp;til Ihnen nicht nur alle Ihre Wünsche an Ihr neues Zuhause erfüllt, sondern viel mehr bietet.Für ihren Wohnkomfort verfügt die Wohnung über folgenden Ausbau- offen gestaltete Grundrisse für die grosszügige Atmosphäre- Hochwertige Eichenparkettböden für den edlen Touch in den Wohnräumen- Hochwertiges Bad/WC mit Feinsteinzeugplatten als persönliche Wellnessoase- Offene Küche mit Natursteinabdeckung, Glaskeramikherd und Geschirrspüler, welche Deine Lust zum Kochen weckt- Komfort-Wohnungslüftung mit individueller Steuerung für ein behagliches Wohngefühl- Waschmaschine und Tumbler in der Wohnung zur Erleichterung Ihren Alltags- Kellerabteil als zusätzlichen StauraumDie Bilder stammen von einer Typähnlichen Wohnung.Im Neuhegi leben Sie in einem eigenständigen, vielseitigen Arbeits- und Lebensraum, welcher Ihnen eine erstklassige Lebensqualität schenkt. sue&amp;til ist über sämtliche Verkehrsmittel hervorragend mit der Altstadt und dem Hauptbahnhof von Winterthur und den grösseren Städten der Schweiz verbun-den. Ob mit Ihrem Auto oder den ÖV, verschiedenste Möglichkeiten können ausgewählt werden, ganz individuell nach Ihren persönlichen Bedürfnissen. sue&amp;til passt für Singles, Paare und Familien - und sogar für Sie und Ihre Freunde, die zusammen eine Wohngemeinschaft gründen wollen. Wir freuen uns auf Sie - Ihr sue&amp;til.","Einfach Zuhause fühlen / 2.5 Zimmerwohnung in Neuhegi","67m²","2.5 Zimmer"
"1726673561-64","https://www.immoscout24.ch/de/immobilien/mieten/ort-winterthur?pn=2","4.5 Zimmer","CHF 3’420.–","Rudolfstr. 25, 8400 Winterthur","- Wohnung mit 131 m2- Heller Eschenparkett in allen Wohnräumen- Natursteinplatten in den Nasszellen- Lift direkt in die Wohnung- Einbauschränke- Variable Raumgestaltung dank Schiebetüren- Offene Küche- WC/Dusche und sep. Bad- Doppellavabo- Wasch- und Trockenturm in Whg.- Loggia- Einstellplätze à Fr. 170.00*Bilder zeigen den Standard*","Direkt am HB Winterthur","131m²","4.5 Zimmer"
"1726673561-65","https://www.immoscout24.ch/de/immobilien/mieten/ort-winterthur?pn=2","2.5 Zimmer","CHF 2’015.–","Else-Züblin-Strasse 78, 8404 Winterthur","Willkommen bei sue&amp;til!Tauchen Sie ein, denn hier erwartet Sie eine spritzige, inspirierende und innovative Wohnoase, welche auch Ihr Herz höher schlagen lässt!Wir sind die neue Siedlung im modernen Winterthurer Quartier Neuhegi mit Parks und allem, was es für ein aktives Leben braucht. sue&amp;til legt grossen Wert darauf, Ihnen zahlreiche Highlights und An-nehmlichkeiten zu bieten. Sie können sicher sein, dass sue&amp;til Ihnen nicht nur alle Ihre Wünsche an Ihr neues Zuhause erfüllt, sondern viel mehr bietet.Für ihren Wohnkomfort verfügt die Wohnung über folgenden Ausbau- offen gestaltete Grundrisse für die grosszügige Atmosphäre- Hochwertige Eichenparkettböden für den edlen Touch in den Wohnräumen- Hochwertiges Bad/WC mit Feinsteinzeugplatten als persönliche Wellnessoase- Offene Küche mit Natursteinabdeckung, Glaskeramikherd und Geschirrspüler, welche Deine Lust zum Kochen weckt- Komfort-Wohnungslüftung mit individueller Steuerung für ein behagliches Wohngefühl- Waschmaschine und Tumbler in der Wohnung zur Erleichterung Ihren Alltags- Kellerabteil als zusätzlichen StauraumDie Bilder stammen von einer Typähnlichen Wohnung.Mehrere 2.5 Zimmer-Wohnungen auf dieser Liegenschaft zu finden.Im Neuhegi leben Sie in einem eigenständigen, vielseitigen Arbeits- und Lebensraum, welcher Ihnen eine erstklassige Lebensqualität schenkt. sue&amp;til ist über sämtliche Verkehrsmittel hervorragend mit der Altstadt und dem Hauptbahnhof von Winterthur und den grösseren Städten der Schweiz verbun-den. Ob mit Ihrem Auto oder den ÖV, verschiedenste Möglichkeiten können ausgewählt werden, ganz individuell nach Ihren persönlichen Bedürfnissen. sue&amp;til passt für Singles, Paare und Familien - und sogar für Sie und Ihre Freunde, die zusammen eine Wohngemeinschaft gründen wollen. Wir freuen uns auf Sie - Ihr sue&amp;til.","Einfach Zuhause fühlen / 2.5 Zimmerwohnung in Neuhegi","64m²","2.5 Zimmer"
"1726673561-66","https://www.immoscout24.ch/de/immobilien/mieten/ort-winterthur?pn=2","3.5 Zimmer","CHF 2’390.–","Burgstrasse 17, 8408 Winterthur","Diese hochwertige Wohnung überzeugt mit grosszügigen, lichtdurchfluteten Räumen und einer modernen Ausstattung. Die ruhige Lage in einer begehrten Wohngegend bietet ein komfortables Wohngefühl.- Neuwertige Küche in schlichter Eleganz- Alle Zimmer Eichenparkett- Bad/Dusche/WC- Grosszügige Loggia- Gut durchdater Grundriss- Nahe an der Töss- Bushaltestelle in unmittelbarer Nähe- Diverse Einkaufsmöglichkeiten vor Ort- Einstellplatz ab CHF 160.00 im Mt. verfügbarDie Bilder zeigen den Standard der Liegenschaft und entsprechen nicht immer der angegebenen Wohnung.Interessiert? Bewerben Sie sich jetz!","Exklusives Wohnen auf höchstem Niveau - MIETEN OHNE KAUTION","89m²","3.5 Zimmer"
"1726673561-67","https://www.immoscout24.ch/de/immobilien/mieten/ort-winterthur?pn=2","4.5 Zimmer","CHF 2’920.–","Hündlerstrasse 9, 8406 Winterthur","Die Besichtigung findet wie folgt ohne Voranmeldung statt: - Montag, 30.09.2024, 18:00 bis 19:00 Uhr - Dienstag, 01.10.2024, 18:00 bis 19:00 Uhr Bitte klingeln Sie bei dem Mieter ""Zavalloni""Modern Wohnen in Winterthur-Dättnau Mit dem Neubauprojekt Hündlerstrasse 9-17 entstehen vier Mehrfamilienhäuser mit insgesamt 32 Mietwohnungen. Ob Sie allein leben, als Paar oder mit Ihrer Familie, hier verwirklichen Sie Ihren Wohntraum. Der hochwertige und ästhetische Innenausbau lässt kaum Wünsche offen. In sämtlichen Wohnräumen ist ein edler Plattenboden mit Holzoptik verlegt. Zudem gibt es wunderschöne grosse Fenster die, die Wohnung mit Licht durchfluten. Die offenen Küchen verfügen über energieeffiziente Geräte der Marke Miele. Die in der Küche installierten LED Lichter geben noch einen romantischen touch dazu. Ein eigener Waschturm gehört zu jeder Wohnung. Die Hündlerstrasse 9-17 steht für Behaglichkeit und Zeitgeist. Geniessen Sie Vorzüge wie Freecooling in der Wohnung, Ladestationen für Elektrofahrzeuge in der Tiefgarage und eine Photovoltaik-Anlage auf dem Dach. Haustiere: Es sind keine Haustiere erwünscht. Lassen Sie sich an der unverbindlichen Besichtigung vom Flair von dieser Wohnung überzeugen. Wir freuen uns auf Ihre Anmeldung.","Familienwohnung im Erdgeschoss - schönes zu Hause für gross und klein","108m²","4.5 Zimmer"
"1726673561-68","https://www.immoscout24.ch/de/immobilien/mieten/ort-winterthur?pn=2","3.5 Zimmer","CHF 2’840.–","St. Gallerstrasse 84, 8400 Winterthur","An zentraler Lage an der St. Gallerstr. 82/84 vermieten wir per Januar 2025 attraktive 2.5- und 3.5-Zimmer-Wohnungen, die nach einer vollumfänglichen Totalsanierung in neuem Glanz erstrahlen.Die modernen Wohnungen überzeugen mit folgenden Pluspunkten:- Grosszügiger Wohn-/Essbereich - Gut möblierbare und einzigartige Grundrisse- Hochwertige und elegante Küchen - Lichtdurchflutete und pflegeleichte Bäder - Eingangsbereich mit Einbauschränken- Waschmaschine/Tumbler in der Wohnung- Fussbodenheizung- Gemütliche Balkone oder Sitzplätze zum Verweilen und Geniessen- Zentrale und doch ruhig gelegene Lage unweit vom Stadtzentrum- Zahlreiche Einkaufs- und Verpflegungsmöglichkeiten in unmittelbarer GehdistanzInformieren Sie sich auf der Projektwebseite über das gesamte Wohnungsangebot und finden Sie heute noch Ihre neue Traumwohnung. Bei Fragen oder für ergänzende Auskünfte stehen wir Ihnen gerne zur Verfügung. Wir freuen uns auf Ihre Kontaktaufnahme.","Erstbezug nach Totalsanierung - Ihre neue Traumwohnung","105m²","3.5 Zimmer"
"1726673561-69","https://www.immoscout24.ch/de/immobilien/mieten/ort-winterthur?pn=2","3.5 Zimmer","CHF 2’010.–","Talackerstr. 55, 8404 Winterthur","- Bodenbelag im Wohnbereich und Zimmern: Parkett- Küche und Badezimmer: Keramik-Platten (Anthrazit)- Schöne, frisch sanierte offene Küche mit GK und GS- Helles frisch saniertes Badezimmer mit Badewanne und Dusche - Praktische Wandschränke im Korridor- Reduit- Kellerabteil- Balkon- Lift- Ruhige Lage, in gepflegter Umgebung- Nähe Einkaufsmöglichkeiten, Schulen und Kindergarten- Gute Verkehrsanbindung- Einstellplätze à CHF 120.-/Mt vorhanden(Die Fotos zeigen den Standard)","Sanierte Wohnung im Herzen von Oberwinterthur!","90m²","3.5 Zimmer"
"1726673561-70","https://www.immoscout24.ch/de/immobilien/mieten/ort-winterthur?pn=2","4.5 Zimmer","CHF 3’356.–","Rudolfstr. 25, 8400 Winterthur","- Ganze Wohnung Eschenparkett- Natursteinplatten in den Nasszellen- Lift direkt in die Wohnung- Variable Raumgestaltung dank Schiebetüren- Garderobenraum- Einbauschränke- Offene Küche- Doppellavabo- Bad / WC- Sep. WC / Dusche- Wasch-/Trockenturm in Wohnung- Loggia mit raumhoher Verglasung- Einstellplätze à CHF 170.00 mtl. vorhandenDie Bilder zeigen den Standard der Liegenschaft und entsprechen nicht immer der angebotenen Wohnung.","Direkt am HB Winterthur","131m²","4.5 Zimmer"
"1726673561-71","https://www.immoscout24.ch/de/immobilien/mieten/ort-winterthur?pn=2","4.5 Zimmer","CHF 3’050.–","Wieshofstrasse 103 (Villa), 8408 Winterthur","","Idyllische Wohnung","","4.5 Zimmer"
"1726673561-72","https://www.immoscout24.ch/de/immobilien/mieten/ort-winterthur?pn=2","3.5 Zimmer","CHF 2’060.–","Farmerstrasse 12, 8404 Winterthur","Komfort und Behaglichkeit - www.farmerstrasse.ch Mit der Gesamtsanierung und Aufstockung der Farmerstrasse 1-14 entstehen in Oberwinterthur 72 neue Mietwohnungen mit einem vielfältigen Wohnungsmix von 2.5 bis 5.5 Zimmern. Ob Sie allein leben, als Paar oder mit Ihrer Familie, hier verwirklichen Sie Ihren Wohntraum.Die Wohnungen der 2. Etappe sind ab dem 1. Februar bzw. 1. April 2025 bezugsbereit. Da sich diese Liegenschaft derzeit noch im Bau befindet, sind leider keine Besichtigungen möglich.Hochwertiger und ästhetischer Innenausbau- Offene Küchen mit energieeffizienten Geräten der Marke Electrolux- Eigener Waschturm in jeder Wohnung für maximalen Komfort- Edler Parkettboden für eine warme und einladende AtmosphäreZusätzliche Vorzüge- Ladestationen für Elektrofahrzeuge in der Tiefgarage- Dach mit Photovoltaik-Modulen für nachhaltige EnergiegewinnungHaustiere - Erlaubt sind nur Hauskatzen und KleintiereHaben wir Ihr Interesse geweckt? Dann freuen wir uns auf Ihre digitale Bewerbung. Für detaillierte Auskünfte steht Ihnen Frau Tanja Gschwend (tanja.gschwend@auwiesen.ch) gerne zur Verfügung. Wir freuen uns auf Ihre Kontaktaufnahme!","Stilvolle Attika-Wohnung mit Erstbezug","63m²","3.5 Zimmer"
"1726673561-73","https://www.immoscout24.ch/de/immobilien/mieten/ort-winterthur?pn=2","5.5 Zimmer","CHF 2’580.–","Farmerstrasse 14, 8404 Winterthur","Komfort und Behaglichkeit - www.farmerstrasse.ch Mit der Gesamtsanierung und Aufstockung der Farmerstrasse 1-14 entstehen in Oberwinterthur 72 neue Mietwohnungen mit einem vielfältigen Wohnungsmix von 2.5 bis 5.5 Zimmern. Ob Sie allein leben, als Paar oder mit Ihrer Familie, hier verwirklichen Sie Ihren Wohntraum.Die Wohnungen der 2. Etappe sind ab dem 1. Februar bzw. 1. April 2025 bezugsbereit. Da sich diese Liegenschaft derzeit noch im Bau befindet, sind leider keine Besichtigungen möglich.Hochwertiger und ästhetischer Innenausbau- Offene Küchen mit energieeffizienten Geräten der Marke Electrolux- Eigener Waschturm in jeder Wohnung für maximalen Komfort- Edler Parkettboden für eine warme und einladende AtmosphäreZusätzliche Vorzüge- Ladestationen für Elektrofahrzeuge in der Tiefgarage- Dach mit Photovoltaik-Modulen für nachhaltige EnergiegewinnungHaustiere - Erlaubt sind nur Hauskatzen und KleintiereHaben wir Ihr Interesse geweckt? Dann freuen wir uns auf Ihre digitale Bewerbung. Für detaillierte Auskünfte steht Ihnen Frau Tanja Gschwend (tanja.gschwend@auwiesen.ch) gerne zur Verfügung. Wir freuen uns auf Ihre Kontaktaufnahme!","Familienwohnung mit Erstbezug: www.farmerstrasse.ch","120m²","5.5 Zimmer"
"1726673561-74","https://www.immoscout24.ch/de/immobilien/mieten/ort-winterthur?pn=2","2.5 Zimmer","CHF 2’010.–","Farmerstrasse 8, 8404 Winterthur","Komfort und Behaglichkeit - www.farmerstrasse.ch Mit der Gesamtsanierung und Aufstockung der Farmerstrasse 1-14 entstehen in Oberwinterthur 72 neue Mietwohnungen mit einem vielfältigen Wohnungsmix von 2.5 bis 5.5 Zimmern. Ob Sie allein leben, als Paar oder mit Ihrer Familie, hier verwirklichen Sie Ihren Wohntraum.Die Wohnungen der 2. Etappe sind ab dem 1. Februar bzw. 1. April 2025 bezugsbereit. Da sich diese Liegenschaft derzeit noch im Bau befindet, sind leider keine Besichtigungen möglich.Hochwertiger und ästhetischer Innenausbau- Offene Küchen mit energieeffizienten Geräten der Marke Electrolux- Eigener Waschturm in jeder Wohnung für maximalen Komfort- Edler Parkettboden für eine warme und einladende AtmosphäreZusätzliche Vorzüge- Ladestationen für Elektrofahrzeuge in der Tiefgarage- Dach mit Photovoltaik-Modulen für nachhaltige EnergiegewinnungHaustiere - Erlaubt sind nur Hauskatzen und KleintiereHaben wir Ihr Interesse geweckt? Dann freuen wir uns auf Ihre digitale Bewerbung. Für detaillierte Auskünfte steht Ihnen Frau Tanja Gschwend (tanja.gschwend@auwiesen.ch) gerne zur Verfügung. Wir freuen uns auf Ihre Kontaktaufnahme!","Attikawohnung mit Terrassen zum Verweilen","64m²","2.5 Zimmer"
"1726673561-75","https://www.immoscout24.ch/de/immobilien/mieten/ort-winterthur?pn=2","3.5 Zimmer","CHF 2’155.–","Farmerstrasse 12, 8404 Winterthur","Komfort und Behaglichkeit - www.farmerstrasse.ch Mit der Gesamtsanierung und Aufstockung der Farmerstrasse 1-14 entstehen in Oberwinterthur 72 neue Mietwohnungen mit einem vielfältigen Wohnungsmix von 2.5 bis 5.5 Zimmern. Ob Sie allein leben, als Paar oder mit Ihrer Familie, hier verwirklichen Sie Ihren Wohntraum.Die Wohnungen der 2. Etappe sind ab dem 1. Februar bzw. 1. April 2025 bezugsbereit. Da sich diese Liegenschaft derzeit noch im Bau befindet, sind leider keine Besichtigungen möglich.Hochwertiger und ästhetischer Innenausbau- Offene Küchen mit energieeffizienten Geräten der Marke Electrolux- Eigener Waschturm in jeder Wohnung für maximalen Komfort- Edler Parkettboden für eine warme und einladende AtmosphäreZusätzliche Vorzüge- Ladestationen für Elektrofahrzeuge in der Tiefgarage- Dach mit Photovoltaik-Modulen für nachhaltige EnergiegewinnungHaustiere - Erlaubt sind nur Hauskatzen und KleintiereHaben wir Ihr Interesse geweckt? Dann freuen wir uns auf Ihre digitale Bewerbung. Für detaillierte Auskünfte steht Ihnen Frau Tanja Gschwend (tanja.gschwend@auwiesen.ch) gerne zur Verfügung. Wir freuen uns auf Ihre Kontaktaufnahme!","Charmante 3.5-Zimmer-Wohnung mit Erstbezug","93m²","3.5 Zimmer"
"1726673561-76","https://www.immoscout24.ch/de/immobilien/mieten/ort-winterthur?pn=2","4.5 Zimmer","CHF 2’320.–","Farmerstrasse 14, 8404 Winterthur","Komfort und Behaglichkeit - www.farmerstrasse.ch Mit der Gesamtsanierung und Aufstockung der Farmerstrasse 1-14 entstehen in Oberwinterthur 72 neue Mietwohnungen mit einem vielfältigen Wohnungsmix von 2.5 bis 5.5 Zimmern. Ob Sie allein leben, als Paar oder mit Ihrer Familie, hier verwirklichen Sie Ihren Wohntraum.Die Wohnungen der 2. Etappe sind ab dem 1. Februar bzw. 1. April 2025 bezugsbereit. Da sich diese Liegenschaft derzeit noch im Bau befindet, sind leider keine Besichtigungen möglich.Hochwertiger und ästhetischer Innenausbau- Offene Küchen mit energieeffizienten Geräten der Marke Electrolux- Eigener Waschturm in jeder Wohnung für maximalen Komfort- Edler Parkettboden für eine warme und einladende AtmosphäreZusätzliche Vorzüge- Ladestationen für Elektrofahrzeuge in der Tiefgarage- Dach mit Photovoltaik-Modulen für nachhaltige EnergiegewinnungHaustiere - Erlaubt sind nur Hauskatzen und KleintiereHaben wir Ihr Interesse geweckt? Dann freuen wir uns auf Ihre digitale Bewerbung. Für detaillierte Auskünfte steht Ihnen Frau Tanja Gschwend (tanja.gschwend@auwiesen.ch) gerne zur Verfügung. Wir freuen uns auf Ihre Kontaktaufnahme!","Stilvolle 4.5-Zimmer-Wohnung nach Totalsanierung","106m²","4.5 Zimmer"
"1726673561-77","https://www.immoscout24.ch/de/immobilien/mieten/ort-winterthur?pn=2","3.5 Zimmer","CHF 2’210.–","Espenstr. 70, 8408 Winterthur","Die helle und grosszügige Wohnung befindet sich im Minergie-Quartier Wyden und bietet neben einer schön gestalteten Umgebung viele weitere Vorteile. Die Schule, eine KITA sowie die Bushaltestelle befinden sich in unmittelbarer Nähe. Auch der Bahnhof Wülflingen und Einkaufsmöglichkeiten sind in wenigen Gehminuten erreichbar.Für Ihre Wohnqualität:- Parkettböden in Wohn- und Schlafzimmern- Moderne offene Küche mit Geschirrspüler- Bad mit Badewanne und Waschturm- Kontrollierte Wohnungslüftung (Minergie)- zwei Balkone- Reduit- Eigenes Kellerabteil für mehr StauraumZusätzlich auf Wunsch: Einstellplatz CHF 140.-/Monat.Interessiert? Dann lohnt sich eine Besichtigung.","Hier könnte Ihr Wohntraum in Erfüllung gehen","90m²","3.5 Zimmer"
"1726673561-78","https://www.immoscout24.ch/de/immobilien/mieten/ort-winterthur?pn=2","4.5 Zimmer","CHF 2’370.–","Im Grüntal 12, 8405 Winterthur","Gute Qualität und Lage zu fairen Mietzinsen. Dafür steht die Wohnüberbauung ""Im Grüntal"".Die Wohnüberbauung befindet sich inmitten des Quartiers im Grüntal. Die Bushaltestelle Grüntal ist direkt gegenüber der Überbauung. Die Umgebung ist sehr familienfreundlich und bietet Ihnen alles, was Sie für Ihre täglichen Bedürfnisse benötigen. Kindergarten, Schulen und ÖV sind in unmittelbarer Umgebung. Einkaufsmöglichkeiten, die Poststelle Seen und die Innenstadt von Winterthur erreichen Sie innert kürzester Zeit.Per 1. Februar 2025 vermieten wir diese schöne 4.5-Zimmerwohnung im Hochparterre.Das erwartet Sie in Ihren neuen Vier-Wänden.Küche- Granit Arbeitsfläche- energieeffiziente Küchengeräte wie Umluft- Dampfabzug, Backofen und Geschirrspüler - LED UnterschrankbeleuchtungNasszellen- eigene Waschmaschine und Tumbler- Badewanne oder bodenebene Dusche mit GlastrennwandKorridor- Einbauschrank / GarderobeBodenbelag- Küche, Wohnzimmer und Schlafzimmer Feinsteinzeugplatten in HolzoptikWand/Decke- Wände Abrieb, Decken WeissputzParkmöglichkeiten:Eine Einzelgarage kann für monatlich CHF 160.00 dazu gemietet werden.Haustiere:Bitte beachten Sie, dass Hunde und Katzen in dieser Überbauung nicht erlaubt sind. Wichtig:Die publizierten Fotos stellen den Ausbaustandard dar und können vom Objekt leicht abweichen.","RAUM FÜR MEHR - Im Grüntal in Winterthur","94m²","4.5 Zimmer"
"1726673561-79","https://www.immoscout24.ch/de/immobilien/mieten/ort-winterthur?pn=2","3.5 Zimmer","CHF 2’252.–","Solarstrasse 7, 8404 Winterthur","Die hochwertig ausgebaute Mietwohnung wurde erst per November 2021 fertiggestellt. Sie begrüsst neue Mieter mit Architektur auf der Höhe der Zeit. Das Objekt bietet Ihnen nebst dem ansprechenden Grundriss den folgenden Ausbaustandard:- überhohe Räume mit Anhydritboden- geräumige Zimmer - offene Küche- zwei Badezimmer/WC- eigener Waschturm- Wintergarten- eigenes Kellerabteil- nachhaltige Bauweise- begrünter Innenhof Bei den Bildern handelt es sich um Musterfotos, welche den Ausbaustandard veranschaulichen. Die genaue Raumaufteilung können Sie dem angefügten Grundriss entnehmen.Bei Bedarf und Verfügbarkeit kann ein Einstellplatz für CHF 150.00 pro Monat und/oder ein Motorradabstellplatz für CHF 80.00 dazu gemietet werden.In nur fünf Fahrminuten erreichen Sie den Bahnhof Winterthur, von wo aus Sie beste Verbindungen beispielsweise zum Zürich-Flughafen, Zürich HB, Winterthur oder Baden in Anspruch nehmen können.Einkaufsmöglichkeiten wie z.B. einen Coop erreichen Sie in nur 5 Gehminuten.Für die Freizeitbeschäftigung stehen Ihnen verschiedene Möglichkeiten zur Verfügung wie z.B. ein Fitnessstudio, ein Hallenbad und Sportplätze erreichen Sie in maximal 10 Fahrminuten.Haben wir Ihr Interesse geweckt? Dann kontaktieren Sie uns direkt im Onlineinserat über ""Anbieter kontaktieren"". Sie erhalten anschliessend eine automatisierte E-Mail mit den Besichtigungsinformationen sowie der Möglichkeit, sich digital auf die Wohnung zu bewerben und/oder uns allfällige Fragen zu stellen.","Moderne Wohnung in Winterthur","84m²","3.5 Zimmer"
"1726673561-80","https://www.immoscout24.ch/de/immobilien/mieten/ort-winterthur?pn=2","2.5 Zimmer","CHF 2’260.–","St. Gallerstrasse 84, 8400 Winterthur","An zentraler Lage an der St. Gallerstr. 82/84 vermieten wir per Januar 2025 attraktive 2.5- und 3.5-Zimmer-Wohnungen, die nach einer vollumfänglichen Totalsanierung in neuem Glanz erstrahlen.Die modernen Wohnungen überzeugen mit folgenden Pluspunkten:- Grosszügiger Wohn-/Essbereich - Gut möblierbare und einzigartige Grundrisse- Hochwertige und elegante Küchen - Lichtdurchflutete und pflegeleichte Bäder - Eingangsbereich mit Einbauschränken- Waschmaschine/Tumbler in der Wohnung- Fussbodenheizung- Gemütliche Balkone oder Sitzplätze zum Verweilen und Geniessen- Zentrale und doch ruhig gelegene Lage unweit vom Stadtzentrum- Zahlreiche Einkaufs- und Verpflegungsmöglichkeiten in unmittelbarer GehdistanzInformieren Sie sich auf der Projektwebseite über das gesamte Wohnungsangebot und finden Sie heute noch Ihre neue Traumwohnung. Bei Fragen oder für ergänzende Auskünfte stehen wir Ihnen gerne zur Verfügung. Wir freuen uns auf Ihre Kontaktaufnahme.","Erstbezug nach Totalsanierung - Ihre neue Traumwohnung","63m²","2.5 Zimmer"
"1726673565-81","https://www.immoscout24.ch/de/immobilien/mieten/ort-winterthur?pn=1","4.5 Zimmer","CHF 2’645.–","Heimstr. 6, 8400 Winterthur","Wir bieten diese wunderschöne 4.5 Zimmerwohnung in zentraler Lage:- Saniert im Jahr 2000- Grosszügiger Grundriss- Bad/WC und Dusche/WC- Parkett in allen Zimmern- Moderner Ausbau- 2 Balkone- Lift- Einstellplatz für 130 CHF im Monat verfügbar- In 10 Gehminuten am Hauptbahnhof Winterthur und in der Altstadt- Bushaltestelle Tellstrasse in 350m Entfernung- Restaurants, Cafés und Einkaufszentrum in der NäheHaben wir Ihr Interesse geweckt? Für einen Besichtigungstermin, Bewerbungslink sowie weitere Informationen senden Sie uns eine Nachricht via Kontaktformular. Sie erhalten anschliessend eine automatische Nachricht mit den erwähnten Informationen. Wir freuen uns auf Ihre Kontaktaufnahme!","Ruhige, sehr zentrale Lage -  Mieten ohne Kaution","114m²","4.5 Zimmer"
"1726673565-82","https://www.immoscout24.ch/de/immobilien/mieten/ort-winterthur?pn=1","2 Zimmer","CHF 1’565.–","Feldstr. 49, 8400 Winterthur","Suchen Sie eine Wohnung in zentraler Lage, dann wäre dies die perfekte Wohnung für Sie.- Mitten in der Stadt und doch sehr ruhig- Grosszügiger Grundriss- Ganze Wohnung mit Parkett- Modernes Bad und Küche mit Plattenboden- Geschlossene Küche mit Glaskeramikherd und Geschirrspüler- Wandschrank- Balkon- Keller- und Estrichabteil- LiftDen Hauptbahnhof erreichen Sie zu Fuss in nur 7 Gehminuten. Ausserdem gibt es diverse Einkaufsmöglichkeiten in unmittelbarer Gehdistanz und die Altstadt ist auch nicht weit entfernt. (Die Bilder zeigen den Standard.)","Zentrumsnahe Wohnung - Mieten ohne Kaution","60m²","2 Zimmer"
"1726673565-83","https://www.immoscout24.ch/de/immobilien/mieten/ort-winterthur?pn=1","2.5 Zimmer","CHF 1’990.–","St. Gallerstrasse 82, 8400 Winterthur","An zentraler Lage an der St. Gallerstr. 82/84 vermieten wir per Januar 2025 attraktive 2.5- und 3.5-Zimmer-Wohnungen, die nach einer vollumfänglichen Totalsanierung in neuem Glanz erstrahlen.Die modernen Wohnungen überzeugen mit folgenden Pluspunkten:- Grosszügiger Wohn-/Essbereich - Gut möblierbare und einzigartige Grundrisse- Hochwertige und elegante Küchen - Lichtdurchflutete und pflegeleichte Bäder - Eingangsbereich mit Einbauschränken- Waschmaschine/Tumbler in der Wohnung- Fussbodenheizung- Gemütliche Balkone oder Sitzplätze zum Verweilen und Geniessen- Zentrale und doch ruhig gelegene Lage unweit vom Stadtzentrum- Zahlreiche Einkaufs- und Verpflegungsmöglichkeiten in unmittelbarer GehdistanzInformieren Sie sich auf der Projektwebseite über das gesamte Wohnungsangebot und finden Sie heute noch Ihre neue Traumwohnung. Bei Fragen oder für ergänzende Auskünfte stehen wir Ihnen gerne zur Verfügung. Wir freuen uns auf Ihre Kontaktaufnahme.","Erstbezug nach Totalsanierung - Ihre neue Traumwohnung","49m²","2.5 Zimmer"
"1726673565-84","https://www.immoscout24.ch/de/immobilien/mieten/ort-winterthur?pn=1","3.5 Zimmer","CHF 2’530.–","St. Gallerstrasse 84, 8400 Winterthur","An zentraler Lage an der St. Gallerstr. 82/84 vermieten wir per Januar 2025 attraktive 2.5- und 3.5-Zimmer-Wohnungen, die nach einer vollumfänglichen Totalsanierung in neuem Glanz erstrahlen.Die modernen Wohnungen überzeugen mit folgenden Pluspunkten:- Grosszügiger Wohn-/Essbereich - Gut möblierbare und einzigartige Grundrisse- Hochwertige und elegante Küchen - Lichtdurchflutete und pflegeleichte Bäder - Eingangsbereich mit Einbauschränken- Waschmaschine/Tumbler in der Wohnung- Fussbodenheizung- Gemütliche Balkone oder Sitzplätze zum Verweilen und Geniessen- Zentrale und doch ruhig gelegene Lage unweit vom Stadtzentrum- Zahlreiche Einkaufs- und Verpflegungsmöglichkeiten in unmittelbarer GehdistanzInformieren Sie sich auf der Projektwebseite über das gesamte Wohnungsangebot und finden Sie heute noch Ihre neue Traumwohnung. Bei Fragen oder für ergänzende Auskünfte stehen wir Ihnen gerne zur Verfügung. Wir freuen uns auf Ihre Kontaktaufnahme.","Erstbezug nach Totalsanierung - Ihre neue Traumwohnung","94m²","3.5 Zimmer"
"1726673565-85","https://www.immoscout24.ch/de/immobilien/mieten/ort-winterthur?pn=1","3 Zimmer","CHF 1’500.–","Ruhtalstr. 12, 8400 Winterthur","Wir vermieten per 01.11.2024 eine zentrale 3 Zimmer-Wohnung mit folgenden Vorzügen:- Gepflegte Liegenschaft- Bodenbelag: Parkett - Heller Wohn-/Essbereich- Geschlossene Küche mit Glasheramikherd und Geschirrspüler- Bad/WC- Balkon- Praktischer Wandschrank- Estrich- und Kellerabteil- Sehr zentrale Lage, nähe Bahnhof / Banana City(Die Bilder zeigen den Standard der Liegenschaft und entsprechen nicht immer der angebotenen Wohnung.)","Mitten im Zentrum!","64m²","3 Zimmer"
"1726673565-86","https://www.immoscout24.ch/de/immobilien/mieten/ort-winterthur?pn=1","3.5 Zimmer","CHF 2’016.–","Emil Klöti-Str. 2, 8406 Winterthur","Günstige Verkehrslage, attraktiver Grundriss, modere Ausstattung und viel Luft: Diese Vorzüge machen diese Wohnung zu einem besonders begehrten Ort zum Leben und Sein. Die gepflegte Wohnsiedlung befindet sich an zentraler Lage im Quartier Töss. In wenigen Minuten erreichen Sie die Bushaltestelle sowie die Zufahrt zur A1. Einkaufen können Sie im nahegelegenen Einkaufszentrum.Für Ihre Wohnqualität: - Moderne Wohnküche mit Granitabdeckung und Geschirrspüler - Küche und Nasszelle mit Plattenböden - Grosszügiges Reduit neben der Küche - Wohnräume mit Parkettboden - Schlafzimmer mit Abstellkammer - Einbauschrank im Korridor - Elektrische Storen mit Fernbedienung - Waschmaschine und Tumbler in der Wohnung - Kellerabteil befindet sich direkt neben der WohnungInteressiert? Dann lohnt sich eine Besichtigung.","Wohnen in lebendigem Stadtquartier","88m²","3.5 Zimmer"
"1726673565-87","https://www.immoscout24.ch/de/immobilien/mieten/ort-winterthur?pn=1","3.5 Zimmer","CHF 2’120.–","Bachwiesenstrasse 40, 8405 Winterthur","Per 01. November 2024 wird diese totalsanierte 3.5 Zimmer Wohnung in Seen vermietet!Besichtigung:Die Besichtigung findet wie folgt ohne Voranmeldung statt: - Mittwoch, 18.09.2024 / 17.00 - 18.00 Uhr Die Wohnung überzeugt durch:- Neue Küche mit Electrolux Geräten, Induktions-Glaskeramikkochfeld- Geschirrspüler- Neue Bodenbeläge in Küche und Bad (Feinsteinzeug-Platten)- Eichenparkett-Boden im Wohnzimmer und Schlafzimmer- Gesamte Wohnung frisch gestrichen- Waschmaschine und Tumbler in der Wohnung - Glasfaseranschluss- 2 Balkons mit AbendsonneHierbei handelt es sich um Musterbilder, welche lediglich den Ausbaustandard darstellen.Allgemeine Erneuerungen:- Neue Aussenwärmedämmung an der Fassade- Neues Flachdach mit PV-Anlage- Auffrischung der Balkone- Neue Fenster und Verbundraffstoren- Neue Hauseingangstüren und Briefkastenanlagen- Erdsonden-Wärmepumpen-Heizung- Frisch gestrichenes Treppenhaus und neues Treppenhausgeländer- Neu erstellter Spielplatz Lage:Die im 2024 totalsanierten Wohnungen liegen ideal in Seen. Der Bahnhof ist in nur 5 Gehminuten erreichbar. Das Shopping Center ""Seen"" und diverse Einkaufsmöglichkeiten befinden sich in unmittelbarer Nähe. Kindergarten und Schulen sind ebenfalls zu Fuss erreichbar.Nebenräume / Gemeinsame Räume:Ein eigenes Kellerabteil mit Steckdose sowie ein gemeinsamer Veloraum stehen zur Verfügung.Bitte beachten Sie, dass das Haus keinen Lift hat.In dieser Liegenschaft werden nur Hauskatzen als Haustiere erlaubt.Parkmöglichkeiten:Ein Tiefgaragenplatz kann bei Bedarf für CHF 140.00/Mt. pro Monat dazu gemietet werden.Es stehen auch Elektroeinstellplätze für CHF 160.00/Mt. zur Verfügung.Kontaktmöglichkeiten:Für detaillierte Auskünfte steht Ihnen Frau Sara Burgermeister (sara.burgermeister@auwiesen.ch) gerne zur Verfügung.Wir freuen uns auf Ihre Kontaktaufnahme!","Totalsanierte 3.5-Zimmer Wohnungen in Seen zu vermieten","74m²","3.5 Zimmer"
"1726673565-88","https://www.immoscout24.ch/de/immobilien/mieten/ort-winterthur?pn=1","2 Zimmer","CHF 1’700.–","Bachwiesenstrasse 40, 8405 Winterthur","Per 01. November 2024 wird diese totalsanierte 2-Zimmer-Wohnung in Seen vermietet!Besichtigung:Die Besichtigung findet wie folgt ohne Voranmeldung statt: - Mittwoch, 18.09.2024 / 17.00 - 18.00 Uhr Bitte beachten Sie die Beschilderung vor Ort.Die Wohnung überzeugt durch:- Neue Küche mit Electrolux Geräten, Induktions-Glaskeramikkochfeld- Geschirrspüler- Neue Bodenbeläge in Küche und Bad (Feinsteinzeug-Platten)- Wohnzimmer und Schlafzimmer mit Eichenparkett- Gesamte Wohnung frisch gestrichen- Waschmaschine und Tumbler in der Wohnung - Glasfaseranschluss- Balkon mit Abendsonne- LiftHierbei handelt es sich um Musterbilder, welche lediglich den Ausbaustandard darstellen.Allgemeine Erneuerungen:- Neue Aussenwärmedämmung an der Fassade- Neues Flachdach mit PV-Anlage- Auffrischung der Balkone- Neue Fenster und Verbundraffstoren- Neue Hauseingangstüren und Briefkastenanlagen- Erdsonden-Wärmepumpen-Heizung- Frisch gestrichenes Treppenhaus und neues Treppenhausgeländer- Neu erstellter Spielplatz Lage:Die im 2024 totalsanierten Wohnungen liegen ideal in Seen. Der Bahnhof ist in nur 5 Gehminuten erreichbar. Das Shopping Center ""Seen"" und diverse Einkaufsmöglichkeiten befinden sich in unmittelbarer Nähe. Kindergarten und Schulen sind ebenfalls zu Fuss erreichbar.Nebenräume / Gemeinsame Räume:Ein eigenes Kellerabteil mit Steckdose sowie ein gemeinsamer Veloraum stehen zur Verfügung.In dieser Liegenschaft werden nur Hauskatzen als Haustiere erlaubt.Parkmöglichkeiten:Ein Tiefgaragenplatz kann bei Bedarf für CHF 140.00/Mt. pro Monat dazu gemietet werden.Es stehen auch Elektroeinstellplätze für CHF 160.00/Mt. zur Verfügung.Kontaktmöglichkeiten:Für detaillierte Auskünfte steht Ihnen Frau Sara Burgermeister (sara.burgermeister@auwiesen.ch) gerne zur Verfügung.Wir freuen uns auf Ihre Kontaktaufnahme!","Totalsanierte 2-Zimmer Wohnungen in Seen zu vermieten","52m²","2 Zimmer"
"1726673565-89","https://www.immoscout24.ch/de/immobilien/mieten/ort-winterthur?pn=1","4 Zimmer","CHF 2’390.–","Bachwiesenstrasse 38, 8405 Winterthur","Per 01. November 2024 wird diese totalsanierte 4-Zimmer-Wohnung in Seen vermietet!Besichtigung:Bitte melden Sie sich direkt bei uns für einen Besichtigungstermin. Die Wohnung überzeugt durch:- Neue Küche mit Electrolux Geräten, Induktions-Glaskeramikkochfeld- Geschirrspüler- Komplettsaniertes Bad- Neue Bodenbeläge in Küche und Bad (Feinsteinzeug-Platten)- Eichen-Parkettboden im Wohnzimmer und Schlafzimmer- Gesamte Wohnung frisch gestrichen- Waschmaschine und Tumbler in der Wohnung - Glasfaseranschluss- Balkon mit AbendsonneHierbei handelt es sich um Musterbilder, welche lediglich den Ausbaustandard darstellen.Allgemeine Erneuerungen:- Neue Aussenwärmedämmung an der Fassade- Neues Flachdach mit PV-Anlage- Auffrischung der Balkone- Neue Fenster und Verbundraffstoren- Neue Hauseingangstüren und Briefkastenanlagen- Erdsonden-Wärmepumpen-Heizung- Frisch gestrichenes Treppenhaus und neues Treppenhausgeländer- Neu erstellter Spielplatz Lage:Die im 2024 totalsanierten Wohnungen liegen ideal in Seen. Der Bahnhof ist in nur 5 Gehminuten erreichbar. Das Shopping Center ""Seen"" und diverse Einkaufsmöglichkeiten befinden sich in unmittelbarer Nähe. Kindergarten und Schulen sind ebenfalls zu Fuss erreichbar.Nebenräume / Gemeinsame Räume:Ein eigenes Kellerabteil mit Steckdose sowie ein gemeinsamer Veloraum stehen zur Verfügung.Bitte beachten Sie, dass das Haus keinen Lift hat.In dieser Liegenschaft werden nur Hauskatzen als Haustiere erlaubt.Parkmöglichkeiten:Ein Tiefgaragenplatz kann bei Bedarf für CHF 140.00/Mt. pro Monat dazu gemietet werden.Es stehen auch Elektroeinstellplätze für CHF 160.00/Mt. zur Verfügung.Kontaktmöglichkeiten:Für detaillierte Auskünfte steht Ihnen Frau Sara Burgermeister (sara.burgermeister@auwiesen.ch) gerne zur Verfügung.Wir freuen uns auf Ihre Kontaktaufnahme!","Totalsanierte 4-Zimmer Wohnung in Seen zu vermieten","87m²","4 Zimmer"
"1726673565-90","https://www.immoscout24.ch/de/immobilien/mieten/ort-winterthur?pn=1","3.5 Zimmer","CHF 2’913.–","Stadthausstrasse 12, 8400 Winterthur","An zentraler Lage vermieten wir eine attraktive und helle 3.5-Zimmer-Maisonette-Wohnung mit schöner Aussicht. Das Wohnobjekt mit speziellem Grundriss bietet Ihnen die folgenden Annehmlichkeiten: - Wohn- und Schlafzimmer mit Parkettboden- Wohnzimmer mit Cheminée- Galerie mit Laminatboden- Küche mit Geschirrspüler und Glaskeramikherd - Bad/WC mit Badewanne - separates WC mit Dusche - eigener Waschturm- Kellerabteil- Lift- kein BalkonBei den Bildern handelt es sich um Musterfotos, welche den Ausbaustandard veranschaulichen. Die genaue Raumaufteilung können Sie dem angefügten Grundriss entnehmen.Ein Einstellplatz kann bei Bedarf und Verfügbarkeit für CHF 210.00 pro Monat dazu gemietet werden.Aufgrund der zentralen Lage mitten in der Winterthurer Altstadt, erreichen Sie verschiedene Einkaufsmöglichkeiten sowie den Hauptbahnhof in wenigen Gehminuten. Hier leben Sie am Puls der Stadt Winterthur wo es Ihnen an nichts fehlen wird!Haben wir Ihr Interesse geweckt? Dann kontaktieren Sie uns direkt im Onlineinserat über ""Anbieter kontaktieren"". Sie erhalten anschliessend eine automatisierte E-Mail mit den Besichtigungsinformationen sowie der Möglichkeit, sich digital auf die Wohnung zu bewerben und/oder uns allfällige Fragen zu stellen.Wir freuen uns auf Ihre digitale Bewerbung nach der Besichtigung.","Stilvolle Wohnung im Herzen der Stadt Winterthur","108m²","3.5 Zimmer"
"1726673565-91","https://www.immoscout24.ch/de/immobilien/mieten/ort-winterthur?pn=1","4.5 Zimmer","CHF 2’950.–","Else-Züblin-Strasse 70, 8404 Winterthur","Willkommen bei sue&amp;til!Wir sind die neue Siedlung im modernen Winterthurer Quartier Neuhegi mit Parks und allem, was es für ein aktives Leben braucht. sue&amp;til legt grossen Wert darauf, Ihnen zahlreiche Highlights und An-nehmlichkeiten zu bieten. Sie können sicher sein, dass sue&amp;til Ihnen nicht nur alle Ihre Wünsche an Ihr neues Zuhause erfüllt, sondern viel mehr bietet.- offen gestaltete Grundrisse für die grosszügige Atmosphäre- Hochwertige Eichenparkettböden für den edlen Touch in den Wohnräumen- Hochwertiges Bad/WC mit Feinsteinzeugplatten als persönliche Wellnessoase- Offene Küche mit Natursteinabdeckung, Glaskeramikherd und Geschirrspüler, welche Deine Lust zum Kochen weckt- Komfort-Wohnungslüftung mit individueller Steuerung für ein behagliches Wohngefühl- Waschmaschine und Tumbler in der Wohnung zur Erleichterung Ihren Alltags- Kellerabteil als zusätzlichen StauraumDie Bilder stammen von einer Typähnlichen Wohnung.Im Neuhegi leben Sie in einem eigenständigen, vielseitigen Arbeits- und Lebensraum, welcher Ihnen eine erstklassige Lebensqualität schenkt. sue&amp;til ist über sämtliche Verkehrsmittel hervorragend mit der Altstadt und dem Hauptbahnhof von Winterthur und den grösseren Städten der Schweiz verbun-den. Ob mit Ihrem Auto oder den ÖV, verschiedenste Möglichkeiten können ausgewählt werden, ganz individuell nach Ihren persönlichen Bedürfnissen. sue&amp;til passt für Singles, Paare und Familien - und sogar für Sie und Ihre Freunde, die zusammen eine Wohngemeinschaft gründen wollen. Wir freuen uns auf Sie - Ihr sue&amp;til.","Sue&Til - smart&urban","128m²","4.5 Zimmer"
"1726673565-92","https://www.immoscout24.ch/de/immobilien/mieten/ort-winterthur?pn=1","2.5 Zimmer","CHF 2’820.–","Steinberggasse 3, 8400 Winterthur","Ab sofort oder nach Vereinbarung vermieten wir in der historischen Altstadtliegenschaft Steinberggasse 3 eine sehr geräumige und heimelige 2.5-Zimmer-Maisonettewohnung mit über 100 m2. Die Liegenschaft wurde im Jahr 2016 komplett renoviert. Die grosszügigen Zimmer lassen viel Raum für eigene Kreativität.Ihre wichtigsten Wohnungsvorzüge: • Grosszügiges Wohnzimmer mit offenem Cheminée • Hochwertiger Parkettboden in allen Wohnräumen • Moderne und offene Küche, ausgestattet mit modernen Geräten und Geschirrspüler • gedeckte Laube als einladende Loggia • Reduit • originelle Details mit Sichtbalken, Fenstern, Dachschrägen • Dusche/WC • eigener Waschturm • Kellerabteil im Untergeschoss Überzeugen Sie gleich selbst von dieser besonderen Dachwohnung in der Winterthurer Altstadt. Bitte melden Sie für die Besichtigung unter folgendem Link an: https://flatfox.ch/de/viewing/46232/?code=7viumwN0tBn56wX7uSHFyPjHopkxTJzQCrzMEjYYA1E Bei Fragen oder sonstigen Anliegen stehen wir Ihnen ebenfalls gerne zur Verfügung. Wir wünschen viel Freude bei der Besichtigung.","Über den Dächern der Steinberggasse","106m²","2.5 Zimmer"
"1726673565-93","https://www.immoscout24.ch/de/immobilien/mieten/ort-winterthur?pn=1","5 Zimmer","CHF 2’770.–","Bollstr. 7, 8405 Winterthur","Unsere grosszügige und schöne Wohnung im Herzen von Winterthur sucht neue Bewohner!- Küche mit Glaskeramikkochfeld und Geschirrspüler- Kühlgefrierkombination- Wohnzimmer mit Parkett - Alle Zimmer mit Marmoleum- Bad/WC mit Doppellavabo- Dusche/WC mit Waschturm- 3 BalkoneÖffentliche Verkehrsmittel, das Einkaufszentrum und Schulen befinden sich in der Nähe.Ein Einstellplatz kann für CHF 120.00 in der Nachbarliegenschaft gemietet werden.Die Bilder zeigen den Standard der Liegenschaft und entsprechen nicht immer der angebotenen Wohnung.","Ruhige und zentrale Lage in Seen - MIETEN OHNE KAUTION","128m²","5 Zimmer"
"1726673565-94","https://www.immoscout24.ch/de/immobilien/mieten/ort-winterthur?pn=1","2.5 Zimmer","CHF 2’175.–","St. Gallerstrasse 50, 8400 Winterthur","Modernes Wohnen im Minergie-Standart. Industrielle Architektur in parkähnlicher Umgebung. Sehr kinderfreundliche Zone. Hervorragend ausgebaute Infrastruktur in nächster Nähe. Einkaufsmöglichkeiten und Fitnessangebote in unmittelbarer Nähe. Die Böden sind in den Zimmern aus Eschenparkett. In den Nasszellen aus Feinsteinzeugplatten. Alle Fenster in den Wohnzimmern und Loggia sind raumhoch. Die in Minergie konstruierten Neubauten mit Komfortlüftung bieten in allen Räumen Bodenheizung. Sämtliche Wohnungen verfügen über eine helle Küche mit dunkler Granitabdeckung sowie hochwertigen Miele-Einbaugeräten. Jede Wohnung verfügt zudem in der Nasszelle über einen eigenen Waschturm (Waschautomat/Tumbler).Einstellplätze in der Tiefgarage können zu CHF 140.00 mtl. dazu gemietet werden. Mehr dazu auch auf www.sidiareal.ch.BVK - Die Pensionskasse mit attraktivem Wohnraum in der ganzen Schweiz. Tagesaktuell auf www.bvk.ch","Wohnen im Sidiareal","72m²","2.5 Zimmer"
"1726673565-95","https://www.immoscout24.ch/de/immobilien/mieten/ort-winterthur?pn=1","4.5 Zimmer","CHF 2’840.–","Hündlerstrasse 11, 8406 Winterthur","Die Besichtigung findet wie folgt ohne Voranmeldung statt: - Freitag, 20. September 2024, 18.00 Uhr bis 19.00 Uhr - Freitag, 27. September 2024, 18.00 Uhr bis 19.00 Uhr Bitte klingeln Sie bei dem Mieter ""Männle"".Modern Wohnen in Winterthur-Dättnau Mit dem Neubauprojekt Hündlerstrasse 9-17 entstehen vier Mehrfamilienhäuser mit insgesamt 32 Mietwohnungen. Ob Sie allein leben, als Paar oder mit Ihrer Familie, hier verwirklichen Sie Ihren Wohntraum. Der hochwertige und ästhetische Innenausbau lässt kaum Wünsche offen. In sämtlichen Wohnräumen ist ein edler Plattenboden mit Holzoptik verlegt. Die offenen Küchen verfügen über energieeffiziente Geräte der Marke Miele. Ein eigener Waschturm gehört zu jeder Wohnung. Die Hündlerstrasse 9-17 steht für Behaglichkeit und Zeitgeist. Geniessen Sie Vorzüge wie Freecooling in der Wohnung, Ladestationen für Elektrofahrzeuge in der Tiefgarage und eine Photovoltaik-Anlage auf dem Dach. Haustiere: Es sind keine Haustiere erwünscht. Lassen Sie sich an der unverbindlichen Besichtigung vom Flair von dieser Wohnung überzeugen. Wir freuen uns auf Ihre Anmeldung.","Familienwohnung im Erdgeschoss - Hier sind Kinder Willkommen","108m²","4.5 Zimmer"
"1726673565-96","https://www.immoscout24.ch/de/immobilien/mieten/ort-winterthur?pn=1","3.5 Zimmer","CHF 2’430.–","Tösstalstrasse 239, 8405 Winterthur","Diese schöne 3,5-Zimmer-Wohnung befindet sich im Zentrum von Winterthur-Seen und ist im Eigentumsstandard gebaut. Die Busstation sowie Einkaufsmöglichkeiten, KITA, befinden sich in unmittelbarer Nähe.Für Ihre Wohnqualität: • Küche mit Geschirrspülmaschine und Granitabdeckung • Wohn- und Schlafzimmer mit geöltem Parkettboden • Tageslicht Badezimmer mit Badewanne, Dusche sowie Doppellavabo • Separates WC • Wandschränke mit viel Stauraum • Fussbodenheizung mit kontrollierter Wohnungslüftung • Privater Waschturm mit Waschmaschine und Tumbler • Balkon • Kellerabteil Zusätzlich kann ein Aussenparkplatz für CHF 80.--/Monat dazugemietet werden.Interessiert? Dann lohnt sich eine Besichtigung.","Wohnung mit Charme","113m²","3.5 Zimmer"
"1726673565-97","https://www.immoscout24.ch/de/immobilien/mieten/ort-winterthur?pn=1","4.5 Zimmer","CHF 2’696.–","Sulzerallee 61, 8404 Winterthur","Sind Sie auf der Suche nach einem neuen, modernen Zuhause? Bei uns finden Sie garantiert die perfekte Wohnung, welche Ihren Vorstellungen entspricht.- Moderne Küchengeräte- Dusche/WC mit Waschturm- Bad/WC separat im Elternschlafzimmer- 2 Loggias- Schulen und Kinderspielplatz in der Nachbarschaft- Einkaufsmöglichkeiten in unmittelbarer NäheLassen Sie sich vom hochwertigen Ausbaustandard überzeugen und vereinbaren Sie noch heute einen individuellen Besichtigungstermin.Alle Informationen finden Sie auf unserer Objekthomepage https://www.roy-winterthur.chWir freuen uns auf Ihre Kontaktaufnahme.*Die Musterfotos zeigen den Ausbaustandard der Überbauung ROY*","ROY - Erlebe das neue Winterthur!","107m²","4.5 Zimmer"
"1726673565-98","https://www.immoscout24.ch/de/immobilien/mieten/ort-winterthur?pn=1","2 Zimmer","CHF 1’840.–","Wartstr. 26, 8400 Winterthur","Suchen Sie eine Wohnung in zentraler Lage, dann wäre dies die perfekte Wohnung für Sie.- helle Wohnküche mit Glaskeramik- ganze Wohnung und Galerie Parkett- Bad/WC- kein Balkon- kein LiftDen Hauptbahnhof erreichen Sie zu Fuss in nur 2 Gehminuten. Ausserdem gibt es diverse Einkaufsmöglichkeiten in unmittelbarer Gehdistanz und die Altstadt ist auch nicht weit entfernt. Schauen Sie rein, vereinbaren Sie noch heute einen Besichtigungstermin und lassen Sie sich selbst von der Wohnung überzeugen.(Die Bilder zeigen den Standard.)","Galeriewohnung in bester Infrastruktur «Mieten ohne Kaution»","82m²","2 Zimmer"
"1726673565-99","https://www.immoscout24.ch/de/immobilien/mieten/ort-winterthur?pn=1","3.5 Zimmer","CHF 2’454.–","Solarstrasse 9, 8404 Winterthur","Die hochwertig ausgebaute Mietwohnung wurde erst per Mai 2022 fertiggestellt. Sie begrüsst neue Mieter mit Architektur auf der Höhe der Zeit. Das Objekt bietet Ihnen nebst dem ansprechenden Grundriss den folgenden Ausbaustandard: - Eingang mit Garderobe- Anhydritboden- geräumiges Schlafzimmer - offene Küche- mit Glaskeramikherd- und Geschirrspüler- Badezimmer/WC- mit eigenem Waschturm- separates Gäste-WC- Terrasse- eigenes Kellerabteil- nachhaltige Bauweise- begrünter Innenhof Bei den Fotos handelt es sich um Musterbilder, die den Ausbaustandard darstellen. Die genaue Raumaufteilung können Sie dem Grundrissplan entnehmen. Ein Einstellplatz in der Tiefgarage kann für CHF 150.00 pro Monat separat dazu gemietet werden.Öffentliche Verkehrsmittel stehen Ihnen vielzählige zur Verfügung und bringen Sie innert kurzer Zeit nach Winterthur, von wo aus Sie Verbindungen in alle Richtungen haben.Zudem finden Sie eine Grosszahl an Einkaufsmöglichkeiten und Dienstleistern für den täglichen Bedarf in der näheren Umgebung.Haben wir Ihr Interesse geweckt?Dann kontaktieren Sie uns direkt im Onlineinserat über ""Anbieter kontaktieren"". Sie erhalten anschliessend eine automatisierte E-Mail mit den Besichtigungsinformationen sowie der Möglichkeit, sich digital auf die Wohnung zu bewerben und/oder uns allfällige Fragen zu stellen.","Moderne Wohnung im KIM","90m²","3.5 Zimmer"
"1726673565-100","https://www.immoscout24.ch/de/immobilien/mieten/ort-winterthur?pn=1","4.5 Zimmer","CHF 2’400.–","Hörnlistrasse 4, 8400 Winterthur","Wir vermieten per sofort oder nach Vereinbarung an kinderfreundlicher und begrünter Lage diese grosszügige Wohnung im Erdgeschoss, die Ihnen unter anderem den folgenden Ausbaustandard zu bieten hat:- alle Zimmer mit neuem Parkettboden- frisch sanierte Küche mit Fenster, Glaskeramikherd und Geschirrspüler- saniertes Badezimmer mit Badewanne- grosse, sonnige Terrasse- Kellerabteil- gemeinsame Waschküche im Untergeschoss- LiftBei den Fotos handelt es sich um Musterbilder, die den Ausbaustandard zeigen. Die genaue Raumaufteilung können Sie dem Grundriss entnehmen.Bei Bedarf und Verfügbarkeit kann ein Einstellplatz für CHF 120.00 pro Monat dazu gemietet werden. Die Primarschule ""Gutschick"" und ""Mattenbach"" sowie ein Kindergarten sind für schulpflichtige Kinder optimal gelegen. Das Frei-und Hallenbad Geiselweid und die Eishalle Zielbau sind in Kürze erreichbar.Die Bushaltestelle Deutweg, welche Sie in nur wenigen Gehminuten erreichen, wird von der Buslinie Nr. 2 in Richtung Bahnhof Winterthur und Wülflingen/Seen bedient. Diverse S-Bahnlinien stehen Ihnen am Bahnhof Winterthur zur Verfügung.Einkaufsmöglichkeiten, wie die Migros, OTTO's oder ein Aldi, befinden sich in unmittelbarer Nähe.Haben wir Ihr Interesse geweckt? Dann kontaktieren Sie uns direkt im Onlineinserat über ""Anbieter kontaktieren"". Sie erhalten anschliessend eine automatisierte E-Mail mit den Besichtigungsinformationen sowie der Möglichkeit, sich digital auf die Wohnung zu bewerben und/oder uns allfällige Fragen zu stellen.Wir freuen uns auf Ihre digitale Bewerbung nach der Besichtigung.","Lebensfreude beginnt daheim","100m²","4.5 Zimmer"
